date,ticker,ret
2020-03-13,0700.HK,-0.08810824727522393
2020-03-20,0700.HK,-0.016940113561501935
2020-03-27,0700.HK,0.07275744327791434
2020-04-03,0700.HK,-0.017848112562096508
2020-04-10,0700.HK,0.045431141533149644
2020-04-17,0700.HK,0.05272764145203812
2020-04-24,0700.HK,-0.008806450725156179
2020-05-01,0700.HK,0.029430546686286974
2020-05-08,0700.HK,0.003236507808075162
2020-05-15,0700.HK,0.011291233163964742
2020-05-22,0700.HK,-0.023393678390089656
2020-05-29,0700.HK,-0.005444102675776441
2020-06-05,0700.HK,0.06513944768317059
2020-06-12,0700.HK,0.01747308374232337
2020-06-19,0700.HK,0.04899361062706764
2020-06-26,0700.HK,0.059224306040397856
2020-07-03,0700.HK,0.08977884855785612
2020-07-10,0700.HK,0.045883996913258285
2020-07-17,0700.HK,-0.05085049953137777
2020-07-24,0700.HK,0.014706809252684083
2020-07-31,0700.HK,0.012423131871544868
2020-08-07,0700.HK,-0.0132932490745854
2020-08-14,0700.HK,-0.04352602234335812
2020-08-21,0700.HK,0.02492036318720614
2020-08-28,0700.HK,0.047571727593716195
2020-09-04,0700.HK,-0.045411427533453064
2020-09-11,0700.HK,-0.004228598008330309
2020-09-18,0700.HK,0.019109497420217947
2020-09-25,0700.HK,-0.04479446632081174
2020-10-02,0700.HK,0.017449342377909183
2020-10-09,0700.HK,0.06002529637490084
2020-10-16,0700.HK,0.035391429207029645
2020-10-23,0700.HK,0.008789577514307423
2020-10-30,0700.HK,0.057118516080314485
2020-11-06,0700.HK,0.04304265802150309
2020-11-13,0700.HK,-0.021950234428503745
2020-11-20,0700.HK,-0.025136003734491985
2020-11-27,0700.HK,-0.009208611893843144
2020-12-04,0700.HK,0.01022361841738384
2020-12-11,0700.HK,-0.0009200139842125976
2020-12-18,0700.HK,-0.014733779030148941
2020-12-25,0700.HK,-0.04486232872871376
2021-01-01,0700.HK,0.015656496467503
2021-01-08,0700.HK,0.01734204289265273
2021-01-15,0700.HK,0.13637138473776922
2021-01-22,0700.HK,0.07667050019167632
2021-01-29,0700.HK,-0.014706565320370957
2021-02-05,0700.HK,0.08091504705642061
2021-02-12,0700.HK,0.034885242089044644
2021-02-19,0700.HK,-0.022472857002401758
2021-02-26,0700.HK,-0.11279221805537598
2021-03-05,0700.HK,0.02672194600547395
2021-03-12,0700.HK,-0.04495480858715717
2021-03-19,0700.HK,-0.037161213602655785
2021-03-26,0700.HK,-0.013722833078889107
2021-04-02,0700.HK,0.05913352000973959
2021-04-09,0700.HK,-0.05501092007816477
2021-04-16,0700.HK,0.019983665525570293
2021-04-23,0700.HK,0.0
2021-04-30,0700.HK,-0.015332981242652921
2021-05-07,0700.HK,-0.03979445299929063
2021-05-14,0700.HK,-0.030632286429897126
2021-05-21,0700.HK,0.01022361841738384
2021-05-28,0700.HK,0.02686440833900683
2021-06-04,0700.HK,0.01791889906284161
2021-06-11,0700.HK,-0.027285369760768896
2021-06-18,0700.HK,0.012668078252529025
2021-06-25,0700.HK,-0.008041889307861427
2021-07-02,0700.HK,-0.04323778982830995
2021-07-09,0700.HK,-0.06778767394128848
2021-07-16,0700.HK,0.051507867574282606
2021-07-23,0700.HK,-0.06339205102099632
2021-07-30,0700.HK,-0.10665135262628955
2021-08-06,0700.HK,-0.058314392634938095
2021-08-13,0700.HK,0.04047102420947413
2021-08-20,0700.HK,-0.10497457646976116
2021-08-27,0700.HK,0.10733827263921247
2021-09-03,0700.HK,0.05106745159231152
2021-09-10,0700.HK,0.0044987291090266
2021-09-17,0700.HK,-0.06314799471527421
2021-09-24,0700.HK,-0.0038243659918254513
2021-10-01,0700.HK,0.002879285937087639
2021-10-08,0700.HK,0.04880733066966525
2021-10-15,0700.HK,0.031480256404407214
2021-10-22,0700.HK,0.030740650640245892
2021-10-29,0700.HK,-0.06114961271911945
2021-11-05,0700.HK,-0.031080741367095488
2021-11-12,0700.HK,0.04198410264877217
2021-11-19,0700.HK,0.024447110487357593
2021-11-26,0700.HK,-0.07203305565989782
2021-12-03,0700.HK,-0.0019048979689025858
2021-12-10,0700.HK,0.0019085335305484286
2021-12-17,0700.HK,-0.060480510512655794
2021-12-24,0700.HK,0.0562637808246953
2021-12-31,0700.HK,-0.008157976821748125
2022-01-07,0700.HK,-0.03338413527832207
2022-01-14,0700.HK,0.07608178792201636
2022-01-21,0700.HK,0.03442100611670562
2022-01-28,0700.HK,-0.033275625604244796
2022-02-04,0700.HK,0.044189129474149436
2022-02-11,0700.HK,-0.004454640621867845
2022-02-18,0700.HK,-0.01566100633152112
2022-02-25,0700.HK,-0.10455258313066795
2022-03-04,0700.HK,-0.052795898164834876
2022-03-11,0700.HK,-0.09486293110378652
2022-03-18,0700.HK,0.039079847233324694
2022-03-25,0700.HK,-0.07009146080861617
2022-04-01,0700.HK,0.06863375923032144
2022-04-08,0700.HK,-0.026378415574734082
2022-04-15,0700.HK,0.014135524339605965
2022-04-22,0700.HK,-0.09815024537561345
2022-04-29,0700.HK,0.11849180539008919
2022-05-06,0700.HK,-0.08118144917523096
2022-05-13,0700.HK,0.016292258044302343
2022-05-20,0700.HK,-0.0018497394950212076
2022-05-27,0700.HK,-0.032121567779596516
2022-06-03,0700.HK,0.0548871940517599
2022-06-10,0700.HK,0.11313791330126755
2022-06-17,0700.HK,-0.07337554691958581
2022-06-24,0700.HK,0.043405578203360884
2022-07-01,0700.HK,-0.08376198105517596
2022-07-08,0700.HK,-0.005521980550357464
2022-07-15,0700.HK,-0.08514051269395695
2022-07-22,0700.HK,0.023603196547189453
2022-07-29,0700.HK,-0.08301215535131923
2022-08-05,0700.HK,0.00287387290297092
2022-08-12,0700.HK,-0.012178959057205452
2022-08-19,0700.HK,0.03916307067483782
2022-08-26,0700.HK,0.032103848972327764
2022-09-02,0700.HK,0.014876424248571718
2022-09-09,0700.HK,-0.07195922310690617
2022-09-16,0700.HK,-0.04953871558315692
2022-09-23,0700.HK,-0.06873890546512063
2022-09-30,0700.HK,-0.03487853347933645
2022-10-07,0700.HK,0.01764928352313322
2022-10-14,0700.HK,-0.0883676755997852
2022-10-21,0700.HK,-0.07428545545137477
2022-10-28,0700.HK,-0.15657875422028678
2022-11-04,0700.HK,0.2192957011080814
2022-11-11,0700.HK,0.09420944949326748
2022-11-18,0700.HK,0.12784276209940426
2022-11-25,0700.HK,-0.05706134094151216
2022-12-02,0700.HK,0.09404260538905018
2022-12-09,0700.HK,0.11062525694210867
2022-12-16,0700.HK,-0.029612679610997117
2022-12-23,0700.HK,0.011790408156188148
2022-12-30,0700.HK,0.04729752887548422
2023-01-06,0700.HK,0.10972935824851926
2023-01-13,0700.HK,0.06487761722205843
2023-01-20,0700.HK,0.05649404597064511
2023-01-27,0700.HK,0.06081258191349925
2023-02-03,0700.HK,-0.07412898443291327
2023-02-10,0700.HK,-0.004270082732852898
2023-02-17,0700.HK,-0.025730367193781856
2023-02-24,0700.HK,-0.0671251719394772
2023-03-03,0700.HK,0.05367148333824834
2023-03-10,0700.HK,-0.10075566750629728
2023-03-17,0700.HK,0.024276377217553824
2023-03-24,0700.HK,0.11364326952294124
2023-03-31,0700.HK,0.024556616643929052
2023-04-07,0700.HK,-0.0010652463382156974
2023-04-14,0700.HK,-0.05331911490269259
2023-04-21,0700.HK,-0.04562095184455095
2023-04-28,0700.HK,-0.014163470050162164
2023-05-05,0700.HK,-0.0047889853337325095
2023-05-12,0700.HK,-0.04390977443609034
2023-05-19,0700.HK,0.02327776030198181
2023-05-26,0700.HK,-0.033200122963418455
2023-06-02,0700.HK,0.037519872813990496
2023-06-09,0700.HK,0.0055163959546429275
2023-06-16,0700.HK,0.08229198415117334
2023-06-23,0700.HK,-0.07321881160236554
2023-06-30,0700.HK,-0.016408386508660056
2023-07-07,0700.HK,-0.015446400988569642
2023-07-14,0700.HK,0.0815814245371822
2023-07-21,0700.HK,-0.05686103858427605
2023-07-28,0700.HK,0.05352199323285145
2023-08-04,0700.HK,-0.020437956204379604
2023-08-11,0700.HK,-0.02265275707898662
2023-08-18,0700.HK,-0.032936870997255174
2023-08-25,0700.HK,-0.015767896562598582
2023-09-01,0700.HK,0.016020506247997446
2023-09-08,0700.HK,-0.010722169662567116
2023-09-15,0700.HK,-0.014026139623844358
2023-09-22,0700.HK,-0.011639185257032114
2023-09-29,0700.HK,-0.02420673863264633
2023-10-06,0700.HK,-0.003352329869259152
2023-10-13,0700.HK,0.00538176925664291
2023-10-20,0700.HK,-0.05955168952827017
2023-10-27,0700.HK,0.013518320882248247
2023-11-03,0700.HK,0.03439803439803435
2023-11-10,0700.HK,0.000678656260604038
2023-11-17,0700.HK,0.04204815191590372
2023-11-24,0700.HK,0.019524894240156243
2023-12-01,0700.HK,-0.007022023619533968
2023-12-08,0700.HK,-0.043072966891674835
2023-12-15,0700.HK,0.029559959690964144
2023-12-22,0700.HK,-0.13181076672104397
2023-12-29,0700.HK,0.0736565201052235
2024-01-05,0700.HK,-0.004900245012250504
2024-01-12,0700.HK,-0.013366162504396817
2024-01-19,0700.HK,-0.06131907308377893
2024-01-26,0700.HK,0.04405620964679069
2024-02-02,0700.HK,-0.012368133866860642
2024-02-09,0700.HK,0.02872928176795586
2024-02-16,0700.HK,0.016469745793054047
2024-02-23,0700.HK,-0.0035223670306445687
2024-03-01,0700.HK,-0.04736656062212785
2024-03-08,0700.HK,-0.027458256029684547
2024-03-15,0700.HK,0.05265165967188068
2024-03-22,0700.HK,0.018122508155128614
2024-03-29,0700.HK,0.05339978640085441
2024-04-05,0700.HK,0.020953024670496978
2024-04-12,0700.HK,-0.001324064879179243
2024-04-19,0700.HK,-0.01922439509446472
2024-04-26,0700.HK,0.15072659682325118
2024-05-03,0700.HK,0.04698972099853149
2024-05-10,0700.HK,0.01851332398316985
2024-05-17,0700.HK,0.07546130542550245
2024-05-24,0700.HK,-0.04609475032010246
2024-05-31,0700.HK,-0.04617449664429529
2024-06-07,0700.HK,0.04221784407542928
2024-06-14,0700.HK,0.013502565487442553
2024-06-21,0700.HK,0.004263256061817211
2024-06-28,0700.HK,-0.02387901300079598
2024-07-05,0700.HK,0.0201141614569178
2024-07-12,0700.HK,0.045830002664535074
2024-07-19,0700.HK,-0.08407643312101909
2024-07-26,0700.HK,-0.02670375521557722
2024-08-02,0700.HK,0.010860245784509948
2024-08-09,0700.HK,0.033361605880689815
2024-08-16,0700.HK,0.00711354309165535
2024-08-23,0700.HK,0.008149959250203676
2024-08-30,0700.HK,0.017246025330099668
2024-09-06,0700.HK,-0.02278145695364242
2024-09-13,0700.HK,0.00379506641366234
2024-09-20,0700.HK,0.037267080745341685
2024-09-27,0700.HK,0.12809164280135388
2024-10-04,0700.HK,0.0918532194784214
2024-10-11,0700.HK,-0.08201225956457414
2024-10-18,0700.HK,-0.018420446695832426
2024-10-25,0700.HK,-0.02298850574712641
2024-11-01,0700.HK,-0.004321728691476623
2024-11-08,0700.HK,0.003858210754762448
2024-11-15,0700.HK,-0.047561854431900086
2024-11-22,0700.HK,-0.001008827238335397
2024-11-29,0700.HK,-0.00656399899015403
2024-12-06,0700.HK,0.0371029224904702
2024-12-13,0700.HK,-0.006861063464837058
2024-12-20,0700.HK,0.0409573155687144
2024-12-27,0700.HK,-0.0213320692107134
2025-01-03,0700.HK,-0.007750060547347948
2025-01-10,0700.HK,-0.10886014156700019
2025-01-17,0700.HK,0.0279375513557929
2025-01-24,0700.HK,0.02877697841726623
2025-01-31,0700.HK,0.027454027454027363
2025-02-07,0700.HK,0.06806150743634998
2025-02-14,0700.HK,0.10998347887656368
2025-02-21,0700.HK,0.0897299596002552
2025-02-28,0700.HK,-0.07492682926829264
2025-03-07,0700.HK,0.11579835477747302
2025-03-14,0700.HK,-0.022684310018903586
2025-03-21,0700.HK,-0.01934235976789167
2025-03-28,0700.HK,-0.0039447731755424265
2025-04-04,0700.HK,-0.02316831683168319
2025-04-11,0700.HK,-0.11027772146766679
2025-04-18,0700.HK,0.033264980633401775
2025-04-25,0700.HK,0.044542447629547954
2025-05-02,0700.HK,0.020265991133628924
2025-05-09,0700.HK,0.014069935857645488
2025-05-16,0700.HK,0.03652315853907351
2025-05-23,0700.HK,0.019685039370078705
2025-05-30,0700.HK,-0.038223938223938214
2025-06-06,0700.HK,0.033721397029305544
2025-06-13,0700.HK,-0.009708737864077666
2025-06-20,0700.HK,-0.008823529411764675
2025-06-27,0700.HK,0.014836795252225476
2025-07-04,0700.HK,-0.03157894736842104
2025-07-11,0700.HK,-0.00040257648953301306
2025-07-18,0700.HK,0.045106725734997966
2025-07-25,0700.HK,0.06069364161849711
2025-08-01,0700.HK,-0.02815622161671205
2025-08-08,0700.HK,0.04859813084112141
2025-08-15,0700.HK,0.05525846702317283
2025-08-22,0700.HK,0.013513513513513598
2025-08-29,0700.HK,-0.005833333333333357
2025-09-05,0700.HK,0.015088013411567402
2025-09-12,0700.HK,0.06275805119735756
2025-09-19,0700.HK,-0.0015540015540015384
2025-09-26,0700.HK,0.0023346303501945442
2025-10-03,0700.HK,0.045807453416149
2025-10-10,0700.HK,-0.03266518188567191
2025-10-17,0700.HK,-0.06676899462778207
2025-10-24,0700.HK,0.04851973684210531
2025-10-31,0700.HK,-0.013333333333333308
2025-11-07,0700.HK,0.007949125596184325
2025-11-14,0700.HK,0.011041009463722329
2025-11-21,0700.HK,-0.04836193447737913
2025-11-28,0700.HK,0.0024590163934425924
2025-12-05,0700.HK,-0.002452984464431762
2025-12-12,0700.HK,0.009836065573770592
2025-12-19,0700.HK,-0.0032467532467532756
2025-12-26,0700.HK,-0.01791530944625408
2026-01-02,0700.HK,0.03316749585406309
2026-01-09,0700.HK,-0.019261637239165297
2026-01-16,0700.HK,0.010638297872340496
2026-01-23,0700.HK,-0.036437246963562764
2026-01-30,0700.HK,0.018487394957983128
2026-02-06,0700.HK,-0.09653465346534651
2026-02-13,0700.HK,-0.028310502283105055
2026-02-20,0700.HK,-0.018796992481203034
2026-02-27,0700.HK,-0.007662835249042099
2026-03-06,0700.HK,0.0019305019305020377
2026-03-13,0700.HK,0.054913294797687806
2026-03-20,0700.HK,-0.06301369863013695
2020-03-13,9988.HK,-0.06072711942665576
2020-03-20,9988.HK,-0.04648627853295706
2020-03-27,9988.HK,0.005043373007867613
2020-04-03,9988.HK,-0.0011151255631385304
2020-04-10,9988.HK,0.044654818254889816
2020-04-17,9988.HK,0.08495768145678384
2020-04-24,9988.HK,-0.04727852963772827
2020-05-01,9988.HK,-0.005169240948659115
2020-05-08,9988.HK,-0.018705963045330787
2020-05-15,9988.HK,0.01853303115667293
2020-05-22,9988.HK,0.006758442854766233
2020-05-29,9988.HK,-0.020139218804866355
2020-06-05,9988.HK,0.09433365656224946
2020-06-12,9988.HK,-0.0009631498853851506
2020-06-19,9988.HK,0.03374274530975829
2020-06-26,9988.HK,-0.0205174118217597
2020-07-03,9988.HK,0.029516500676023183
2020-07-10,9988.HK,0.15999852024489947
2020-07-17,9988.HK,-0.06617447738108528
2020-07-24,9988.HK,0.0008537813978108932
2020-07-31,9988.HK,0.029856857693685734
2020-08-07,9988.HK,0.01325315176515418
2020-08-14,9988.HK,-0.009809852361721827
2020-08-21,9988.HK,0.0247675973779371
2020-08-28,9988.HK,0.09748159128627365
2020-09-04,9988.HK,-0.011011113884280554
2020-09-11,9988.HK,-0.0296898891082642
2020-09-18,9988.HK,0.01376925783700278
2020-09-25,9988.HK,-0.04376499705718129
2020-10-02,9988.HK,0.06944115651089766
2020-10-09,9988.HK,0.03910688723934874
2020-10-16,9988.HK,0.027693749733713968
2020-10-23,9988.HK,0.013819217003164574
2020-10-30,9988.HK,-0.01635701920586674
2020-11-06,9988.HK,-0.038801047628285956
2020-11-13,9988.HK,-0.09010567593673857
2020-11-20,9988.HK,-0.015844596200465855
2020-11-27,9988.HK,0.06681371049538742
2020-12-04,9988.HK,-0.021127929613811713
2020-12-11,9988.HK,-0.021583953872007178
2020-12-18,9988.HK,-0.011030049004932097
2020-12-25,9988.HK,-0.10914073578382166
2021-01-01,9988.HK,0.019673421207948127
2021-01-08,9988.HK,-0.036833704593689176
2021-01-15,9988.HK,0.07648462112796617
2021-01-22,9988.HK,0.04060020638438244
2021-01-29,9988.HK,-0.015443889909450004
2021-02-05,9988.HK,0.0462328484388157
2021-02-12,9988.HK,0.011836560768903048
2021-02-19,9988.HK,-0.015597460733392632
2021-02-26,9988.HK,-0.09744426663286487
2021-03-05,9988.HK,-0.0236995944736057
2021-03-12,9988.HK,-0.004495351806232395
2021-03-19,9988.HK,0.038834600726116664
2021-03-26,9988.HK,-0.08085128579625478
2021-04-02,9988.HK,0.045400374553089984
2021-04-09,9988.HK,-0.0343810506125255
2021-04-16,9988.HK,0.08245413488746878
2021-04-23,9988.HK,-0.04847393660301569
2021-04-30,9988.HK,0.0027291086731073833
2021-05-07,9988.HK,-0.023587901221127416
2021-05-14,9988.HK,-0.07061490717856289
2021-05-21,9988.HK,0.016995581148901318
2021-05-28,9988.HK,-0.0029490985588738194
2021-06-04,9988.HK,0.013803166840849368
2021-06-11,9988.HK,-0.024312916966525933
2021-06-18,9988.HK,0.0089707553375995
2021-06-25,9988.HK,0.04247920494734547
2021-07-02,9988.HK,-0.017057407653090162
2021-07-09,9988.HK,-0.07953647108728767
2021-07-16,9988.HK,0.07279316267962632
2021-07-23,9988.HK,-0.020502606760002373
2021-07-30,9988.HK,-0.08073679803839473
2021-08-06,9988.HK,0.02439659098301994
2021-08-13,9988.HK,-0.05027731910749822
2021-08-20,9988.HK,-0.14544279250161596
2021-08-27,9988.HK,-0.013041890552454527
2021-09-03,9988.HK,0.0594640308684391
2021-09-10,9988.HK,0.018708840550788253
2021-09-17,9988.HK,-0.0795827415642294
2021-09-24,9988.HK,-0.07050122379482815
2021-10-01,9988.HK,-0.01502661858148735
2021-10-08,9988.HK,0.09662046319704776
2021-10-15,9988.HK,0.041735121098097405
2021-10-22,9988.HK,0.08012616691679586
2021-10-29,9988.HK,-0.06711725502201915
2021-11-05,9988.HK,-0.01956428445207381
2021-11-12,9988.HK,0.016092486739790912
2021-11-19,9988.HK,-0.14633960925423806
2021-11-26,9988.HK,-0.07569460935644745
2021-12-03,9988.HK,-0.07787911876164177
2021-12-10,9988.HK,0.01567234353777036
2021-12-17,9988.HK,-0.036004526283304195
2021-12-24,9988.HK,-0.03557073240138009
2021-12-31,9988.HK,0.054401947405303686
2022-01-07,9988.HK,0.08657478662375806
2022-01-14,9988.HK,0.004024080095290206
2022-01-21,9988.HK,-0.01763498781582651
2022-01-28,9988.HK,-0.1395326065670084
2022-02-04,9988.HK,0.09862307021203964
2022-02-11,9988.HK,0.017263405034008805
2022-02-18,9988.HK,-0.02460713437192419
2022-02-25,9988.HK,-0.12352982114273792
2022-03-04,9988.HK,-0.06252977608384946
2022-03-11,9988.HK,-0.0868165840850379
2022-03-18,9988.HK,0.08753420210545859
2022-03-25,9988.HK,0.09647981919362048
2022-04-01,9988.HK,0.02236222922257225
2022-04-08,9988.HK,-0.05610925136944622
2022-04-15,9988.HK,-0.0836255188812316
2022-04-22,9988.HK,-0.09730407247779038
2022-04-29,9988.HK,0.18818055589388805
2022-05-06,9988.HK,-0.12044858126947677
2022-05-13,9988.HK,-0.09498613085942054
2022-05-20,9988.HK,0.07533611497450154
2022-05-27,9988.HK,0.03532849512586522
2022-06-03,9988.HK,0.015037246101883062
2022-06-10,9988.HK,0.23361290910748478
2022-06-17,9988.HK,-0.07667294830580496
2022-06-24,9988.HK,0.0940451416680006
2022-07-01,9988.HK,-0.01828956031896989
2022-07-08,9988.HK,0.08476786645800716
2022-07-15,9988.HK,-0.16143990657094764
2022-07-22,9988.HK,-0.0010240445664194686
2022-07-29,9988.HK,-0.09225848778087586
2022-08-05,9988.HK,-0.0022585599421809377
2022-08-12,9988.HK,0.0
2022-08-19,9988.HK,-0.03848243390076067
2022-08-26,9988.HK,0.07415952537903747
2022-09-02,9988.HK,-0.056437119186428686
2022-09-09,9988.HK,-0.00987201226452361
2022-09-16,9988.HK,-0.03518979026885005
2022-09-23,9988.HK,-0.10212517628750661
2022-09-30,9988.HK,-0.006093267616313791
2022-10-07,9988.HK,0.04632026375303133
2022-10-14,9988.HK,-0.10546600348949253
2022-10-21,9988.HK,-0.053128002096008764
2022-10-28,9988.HK,-0.1206726926151388
2022-11-04,9988.HK,0.14247753575049837
2022-11-11,9988.HK,0.013771575468233488
2022-11-18,9988.HK,0.13810903821771436
2022-11-25,9988.HK,-0.06896368796583652
2022-12-02,9988.HK,0.14315831457793227
2022-12-09,9988.HK,0.08784827792453775
2022-12-16,9988.HK,-0.061854253052622044
2022-12-23,9988.HK,0.0006104857024247234
2022-12-30,9988.HK,-0.003050566185083925
2023-01-06,9988.HK,0.18787789772588193
2023-01-13,9988.HK,0.114371677039113
2023-01-20,9988.HK,0.03328648568681114
2023-01-27,9988.HK,0.008948385711217588
2023-02-03,9988.HK,-0.0993330495246203
2023-02-10,9988.HK,-0.019694343784465107
2023-02-17,9988.HK,-0.0467092574734812
2023-02-24,9988.HK,-0.0990495458472952
2023-03-03,9988.HK,-0.02397604734392178
2023-03-10,9988.HK,-0.08208311364616783
2023-03-17,9988.HK,0.004569071303621275
2023-03-24,9988.HK,0.049381432581349305
2023-03-31,9988.HK,0.1869922726372104
2023-04-07,9988.HK,-0.02764678879939908
2023-04-14,9988.HK,-0.034870496341280255
2023-04-21,9988.HK,-0.07281661330487366
2023-04-28,9988.HK,-0.07074170883192255
2023-05-05,9988.HK,-0.0051611571314287286
2023-05-12,9988.HK,0.038909496511115194
2023-05-19,9988.HK,-0.027464982147761607
2023-05-26,9988.HK,-0.048779235449667446
2023-06-02,9988.HK,0.05195541280937088
2023-06-09,9988.HK,0.01795977011494254
2023-06-16,9988.HK,0.0970359915314043
2023-06-23,9988.HK,-0.08672977071175858
2023-06-30,9988.HK,-0.035848154763402085
2023-07-07,9988.HK,0.04044251943850119
2023-07-14,9988.HK,0.10846122981241857
2023-07-21,9988.HK,-0.018664736091943634
2023-07-28,9988.HK,0.053024714127628325
2023-08-04,9988.HK,-0.008210000875733425
2023-08-11,9988.HK,0.0016555925917749459
2023-08-18,9988.HK,-0.09145803949224252
2023-08-25,9988.HK,0.006064134284189615
2023-09-01,9988.HK,0.03254894396759567
2023-09-08,9988.HK,0.007005090365665545
2023-09-15,9988.HK,-0.052752399944349104
2023-09-22,9988.HK,-0.004283860860199162
2023-09-29,9988.HK,-0.0036876782377814887
2023-10-06,9988.HK,-0.033311947885308224
2023-10-13,9988.HK,-0.003828874821319106
2023-10-20,9988.HK,-0.052529083175319125
2023-10-27,9988.HK,0.05273691042838613
2023-11-03,9988.HK,0.005780198325026964
2023-11-10,9988.HK,-0.04150596408776275
2023-11-17,9988.HK,-0.08460800511645272
2023-11-24,9988.HK,0.042939070187185235
2023-12-01,9988.HK,-0.06071009881091938
2023-12-08,9988.HK,-0.020058839261834827
2023-12-15,9988.HK,0.017436923823386685
2023-12-22,9988.HK,0.01752555810557066
2023-12-29,9988.HK,0.054922522628079395
2024-01-05,9988.HK,-0.05483978452823901
2024-01-12,9988.HK,-0.016157936484620716
2024-01-19,9988.HK,-0.074651378064439
2024-01-26,9988.HK,0.08632095259608241
2024-02-02,9988.HK,-0.0029705323193917055
2024-02-09,9988.HK,-0.020855678703372793
2024-02-16,9988.HK,0.05629259980525814
2024-02-23,9988.HK,0.022325286627873364
2024-03-01,9988.HK,-0.021133308912620774
2024-03-08,9988.HK,-0.025907481504936825
2024-03-15,9988.HK,0.009604302727622027
2024-03-22,9988.HK,-0.013171759747102274
2024-03-29,9988.HK,-0.011122975618437447
2024-04-05,9988.HK,-0.002999490086685319
2024-04-12,9988.HK,0.024068112759108473
2024-04-19,9988.HK,-0.07271071418079267
2024-04-26,9988.HK,0.1362311494107209
2024-05-03,9988.HK,0.054372072273031646
2024-05-10,9988.HK,-0.016528269952927443
2024-05-17,9988.HK,0.10419747774879662
2024-05-24,9988.HK,-0.09192967075784142
2024-05-31,9988.HK,-0.04357853522486521
2024-06-07,9988.HK,0.030843427545984792
2024-06-14,9988.HK,-0.03643509955391144
2024-06-21,9988.HK,-0.011291620206354325
2024-06-28,9988.HK,-0.021413581921226554
2024-07-05,9988.HK,0.03501145166231434
2024-07-12,9988.HK,0.07752047245204308
2024-07-19,9988.HK,-0.06017083284281022
2024-07-26,9988.HK,-0.009742654734234302
2024-08-02,9988.HK,0.03162377545713935
2024-08-09,9988.HK,0.034060409542364445
2024-08-16,9988.HK,0.02964465934992555
2024-08-23,9988.HK,0.032629976071350875
2024-08-30,9988.HK,-0.014870072739439189
2024-09-06,9988.HK,-0.02075497805003823
2024-09-13,9988.HK,0.03789387146912615
2024-09-20,9988.HK,0.05507493904627525
2024-09-27,9988.HK,0.17947424603221163
2024-10-04,9988.HK,0.11337755721091192
2024-10-11,9988.HK,-0.07235437565319913
2024-10-18,9988.HK,-0.051035638282506346
2024-10-25,9988.HK,-0.052258267460857044
2024-11-01,9988.HK,-0.0037473634621355556
2024-11-08,9988.HK,-0.010747025760620699
2024-11-15,9988.HK,-0.0738736977044836
2024-11-22,9988.HK,-0.07624722870649514
2024-11-29,9988.HK,0.03746079315292894
2024-12-06,9988.HK,0.003672015569345932
2024-12-13,9988.HK,0.021951487213258902
2024-12-20,9988.HK,-0.06742323894079882
2024-12-27,9988.HK,0.028791155357074327
2025-01-03,9988.HK,0.003109491411584786
2025-01-10,9988.HK,-0.0371982293642823
2025-01-17,9988.HK,0.01481023580471108
2025-01-24,9988.HK,0.05076206550844553
2025-01-31,9988.HK,0.04287491394823606
2025-02-07,9988.HK,0.13549664732654687
2025-02-14,9988.HK,0.24579546961213272
2025-02-21,9988.HK,0.11788880793129697
2025-02-28,9988.HK,-0.08055716263026458
2025-03-07,9988.HK,0.09956272053142601
2025-03-14,9988.HK,-0.03042397989119816
2025-03-21,9988.HK,-0.03810263804735181
2025-03-28,9988.HK,0.0023301151853607482
2025-04-04,9988.HK,-0.05811745925966105
2025-04-11,9988.HK,-0.16865626208360418
2025-04-18,9988.HK,0.056408277172460775
2025-04-25,9988.HK,0.06463760784644368
2025-05-02,9988.HK,0.056313737912344175
2025-05-09,9988.HK,0.013327891111129642
2025-05-16,9988.HK,-0.0016440743450418793
2025-05-23,9988.HK,-0.0378759808643957
2025-05-30,9988.HK,-0.04193446242586596
2025-06-06,9988.HK,0.024118125217733155
2025-06-13,9988.HK,-0.02310530401486277
2025-06-20,9988.HK,-0.002678571428571419
2025-06-27,9988.HK,0.0035810205908684
2025-07-04,9988.HK,-0.06244424620874223
2025-07-11,9988.HK,0.0
2025-07-18,9988.HK,0.10180780209324447
2025-07-25,9988.HK,0.01899827288428324
2025-08-01,9988.HK,-0.009322033898304993
2025-08-08,9988.HK,-0.0051325919589393365
2025-08-15,9988.HK,0.015477214101461634
2025-08-22,9988.HK,-0.0008467400508043177
2025-08-29,9988.HK,-0.019491525423728784
2025-09-05,9988.HK,0.1391529818496111
2025-09-12,9988.HK,0.14643399089529585
2025-09-19,9988.HK,0.05294506949040367
2025-09-26,9988.HK,0.04651162790697683
2025-10-03,9988.HK,0.11171171171171168
2025-10-10,9988.HK,-0.10642895732036728
2025-10-17,9988.HK,-0.0665054413542926
2025-10-24,9988.HK,0.0900259067357514
2025-10-31,9988.HK,-0.019013666072489666
2025-11-07,9988.HK,-0.030284675953967333
2025-11-14,9988.HK,-0.032479700187382776
2025-11-21,9988.HK,-0.047127178825048466
2025-11-28,9988.HK,0.026422764227642226
2025-12-05,9988.HK,0.02310231023102305
2025-12-12,9988.HK,-0.005806451612903274
2025-12-19,9988.HK,-0.057105775470473574
2025-12-26,9988.HK,0.004817618719889838
2026-01-02,9988.HK,0.020547945205479534
2026-01-09,9988.HK,-0.016778523489932917
2026-01-16,9988.HK,0.13447098976109206
2026-01-23,9988.HK,0.013838748495788256
2026-01-30,9988.HK,0.004154302670623
2026-02-06,9988.HK,-0.08392434988179664
2026-02-13,9988.HK,0.002580645161290418
2026-02-20,9988.HK,-0.05341055341055345
2026-02-27,9988.HK,-0.028552005438477135
2026-03-06,9988.HK,-0.08537438768369499
2026-03-13,9988.HK,0.01377199693955622
2026-03-20,9988.HK,-0.0037735849056603765
2020-03-13,3690.HK,-0.11618669314796426
2020-03-20,3690.HK,-0.0561797752808989
2020-03-27,3690.HK,0.0630952380952381
2020-04-03,3690.HK,0.039753639417693165
2020-04-10,3690.HK,0.047388260635433666
2020-04-17,3690.HK,0.028277634961439535
2020-04-24,3690.HK,-0.008000000000000007
2020-05-01,3690.HK,0.0463709677419355
2020-05-08,3690.HK,0.07514450867052025
2020-05-15,3690.HK,0.06989247311827973
2020-05-22,3690.HK,-0.007537688442211143
2020-05-29,3690.HK,0.23797468354430373
2020-06-05,3690.HK,0.08384458077709622
2020-06-12,3690.HK,0.04150943396226414
2020-06-19,3690.HK,0.050724637681159424
2020-06-26,3690.HK,0.004022988505747005
2020-07-03,3690.HK,0.0973096737263881
2020-07-10,3690.HK,0.0860719874804381
2020-07-17,3690.HK,-0.08213256484149856
2020-07-24,3690.HK,-0.002093144950287784
2020-07-31,3690.HK,0.0062926061877295325
2020-08-07,3690.HK,0.15893694632621158
2020-08-14,3690.HK,-0.011690647482014316
2020-08-21,3690.HK,0.11555959963603257
2020-08-28,3690.HK,0.08156606851549753
2020-09-04,3690.HK,-0.012820512820512775
2020-09-11,3690.HK,-0.07257448433919023
2020-09-18,3690.HK,-0.0049423393739703725
2020-09-25,3690.HK,-0.039735099337748325
2020-10-02,3690.HK,0.042241379310344884
2020-10-09,3690.HK,0.11662531017369715
2020-10-16,3690.HK,-0.015555555555555545
2020-10-23,3690.HK,-0.012791572610985846
2020-10-30,3690.HK,0.09832317073170738
2020-11-06,3690.HK,0.13393476752255395
2020-11-13,3690.HK,-0.06425948592411257
2020-11-20,3690.HK,-0.005232177894048506
2020-11-27,3690.HK,0.025641025641025772
2020-12-04,3690.HK,-0.07499999999999996
2020-12-11,3690.HK,0.018018018018018056
2020-12-18,3690.HK,-0.05241660993873398
2020-12-25,3690.HK,0.00287356321839094
2021-01-01,3690.HK,0.055157593123209336
2021-01-08,3690.HK,0.0794297352342157
2021-01-15,3690.HK,-0.03270440251572315
2021-01-22,3690.HK,0.2360208062418725
2021-01-29,3690.HK,-0.06417674907943183
2021-02-05,3690.HK,0.12816188870151768
2021-02-12,3690.HK,0.1086198305929249
2021-02-19,3690.HK,-0.048089887640449414
2021-02-26,3690.HK,-0.19735599622285183
2021-03-05,3690.HK,-0.008823529411764675
2021-03-12,3690.HK,-0.011869436201780381
2021-03-19,3690.HK,0.0
2021-03-26,3690.HK,-0.0930930930930931
2021-04-02,3690.HK,0.07880794701986749
2021-04-09,3690.HK,-0.03621853898096994
2021-04-16,3690.HK,-0.07579617834394903
2021-04-23,3690.HK,0.0558235699517573
2021-04-30,3690.HK,-0.02741514360313313
2021-05-07,3690.HK,-0.051006711409395944
2021-05-14,3690.HK,-0.13719943422913727
2021-05-21,3690.HK,0.12786885245901636
2021-05-28,3690.HK,-0.036337209302325535
2021-06-04,3690.HK,0.1395173453996983
2021-06-11,3690.HK,0.016545334215751106
2021-06-18,3690.HK,-0.02148437499999989
2021-06-25,3690.HK,0.09780439121756479
2021-07-02,3690.HK,-0.07878787878787874
2021-07-09,3690.HK,-0.08157894736842108
2021-07-16,3690.HK,0.04154727793696278
2021-07-23,3690.HK,-0.06052269601100424
2021-07-30,3690.HK,-0.2130307467057101
2021-08-06,3690.HK,-0.00558139534883717
2021-08-13,3690.HK,0.09167446211412522
2021-08-20,3690.HK,-0.1713796058269066
2021-08-27,3690.HK,0.16339193381592554
2021-09-03,3690.HK,0.08800000000000008
2021-09-10,3690.HK,0.05964052287581678
2021-09-17,3690.HK,-0.07170393215111781
2021-09-24,3690.HK,0.01578073089700993
2021-10-01,3690.HK,0.00817661488143906
2021-10-08,3690.HK,0.03811841038118402
2021-10-15,3690.HK,0.09687500000000004
2021-10-22,3690.HK,0.029914529914529808
2021-10-29,3690.HK,-0.06777316735822947
2021-11-05,3690.HK,0.026706231454005858
2021-11-12,3690.HK,0.04696531791907521
2021-11-19,3690.HK,-0.03105590062111796
2021-11-26,3690.HK,-0.061253561253561184
2021-12-03,3690.HK,-0.08497723823975734
2021-12-10,3690.HK,0.007462686567164312
2021-12-17,3690.HK,-0.07078189300411519
2021-12-24,3690.HK,0.0008857395925596645
2021-12-31,3690.HK,-0.0026548672566371057
2022-01-07,3690.HK,-0.0949423247559894
2022-01-14,3690.HK,0.08137254901960778
2022-01-21,3690.HK,0.07887579329102445
2022-01-28,3690.HK,-0.12605042016806722
2022-02-04,3690.HK,0.09038461538461551
2022-02-11,3690.HK,0.0044091710758378255
2022-02-18,3690.HK,-0.17471466198419672
2022-02-25,3690.HK,-0.09468085106382984
2022-03-04,3690.HK,-0.031727379553466384
2022-03-11,3690.HK,-0.17839805825242716
2022-03-18,3690.HK,0.1322008862629247
2022-03-25,3690.HK,-0.11937377690802353
2022-04-01,3690.HK,0.1518518518518519
2022-04-08,3690.HK,0.006430868167202508
2022-04-15,3690.HK,-0.008306709265175738
2022-04-22,3690.HK,-0.08891752577319578
2022-04-29,3690.HK,0.21640735502121644
2022-05-06,3690.HK,-0.08720930232558144
2022-05-13,3690.HK,0.06751592356687897
2022-05-20,3690.HK,0.03221957040572798
2022-05-27,3690.HK,-0.05260115606936411
2022-06-03,3690.HK,0.099450884685784
2022-06-10,3690.HK,0.1165371809100999
2022-06-17,3690.HK,-0.010437375745526833
2022-06-24,3690.HK,-0.0050226017076845375
2022-07-01,3690.HK,-0.01968702675416456
2022-07-08,3690.HK,-0.009783728115344892
2022-07-15,3690.HK,-0.06812272490899651
2022-07-22,3690.HK,0.06975446428571419
2022-07-29,3690.HK,-0.08033385498174217
2022-08-05,3690.HK,0.04083947816222344
2022-08-12,3690.HK,-0.023978201634877405
2022-08-19,3690.HK,-0.05136795086543822
2022-08-26,3690.HK,0.07062978222483807
2022-09-02,3690.HK,-0.03133589884551957
2022-09-09,3690.HK,0.020998864926220273
2022-09-16,3690.HK,-0.04446914952751524
2022-09-23,3690.HK,-0.06748109365910404
2022-09-30,3690.HK,0.03306300686213337
2022-10-07,3690.HK,0.04408212560386482
2022-10-14,3690.HK,-0.1382301908617698
2022-10-21,3690.HK,-0.04966442953020134
2022-10-28,3690.HK,-0.13983050847457623
2022-11-04,3690.HK,0.22742200328407236
2022-11-11,3690.HK,0.06755852842809351
2022-11-18,3690.HK,0.005012531328320913
2022-11-25,3690.HK,-0.14837905236907734
2022-12-02,3690.HK,0.2298682284040996
2022-12-09,3690.HK,0.12202380952380953
2022-12-16,3690.HK,-0.06684350132625994
2022-12-23,3690.HK,0.04150085275724824
2022-12-30,3690.HK,-0.046397379912663794
2023-01-06,3690.HK,0.04579278763594741
2023-01-13,3690.HK,-0.06294471811713187
2023-01-20,3690.HK,-0.01810747663551404
2023-01-27,3690.HK,0.04045211183819153
2023-02-03,3690.HK,-0.012006861063464824
2023-02-10,3690.HK,-0.14293981481481488
2023-02-17,3690.HK,-0.026333558406482105
2023-02-24,3690.HK,-0.06796116504854355
2023-03-03,3690.HK,0.05877976190476186
2023-03-10,3690.HK,-0.10470836261419536
2023-03-17,3690.HK,0.023547880690737877
2023-03-24,3690.HK,0.07515337423312873
2023-03-31,3690.HK,0.023537803138373725
2023-04-07,3690.HK,-0.06759581881533094
2023-04-14,3690.HK,-0.032137518684604016
2023-04-21,3690.HK,0.06332046332046315
2023-04-28,3690.HK,-0.03413217138707325
2023-05-05,3690.HK,0.019548872180451093
2023-05-12,3690.HK,-0.028023598820058893
2023-05-19,3690.HK,-0.024279210925645
2023-05-26,3690.HK,-0.02021772939346811
2023-06-02,3690.HK,-0.03492063492063502
2023-06-09,3690.HK,0.04523026315789469
2023-06-16,3690.HK,0.08575924468922103
2023-06-23,3690.HK,-0.09637681159420286
2023-06-30,3690.HK,-0.019246190858059342
2023-07-07,3690.HK,-0.026165167620605057
2023-07-14,3690.HK,0.11251049538203195
2023-07-21,3690.HK,-0.03245283018867928
2023-07-28,3690.HK,0.1107644305772233
2023-08-04,3690.HK,0.011235955056179803
2023-08-11,3690.HK,-0.047222222222222276
2023-08-18,3690.HK,-0.05320699708454801
2023-08-25,3690.HK,0.01770592763664336
2023-09-01,3690.HK,-0.027987897125567263
2023-09-08,3690.HK,-0.027237354085603127
2023-09-15,3690.HK,-0.005600000000000049
2023-09-22,3690.HK,-0.028157683024939706
2023-09-29,3690.HK,-0.05132450331125826
2023-10-06,3690.HK,-0.054973821989528826
2023-10-13,3690.HK,0.05817174515235446
2023-10-20,3690.HK,-0.05933682373472948
2023-10-27,3690.HK,0.04823747680890533
2023-11-03,3690.HK,-0.017699115044247815
2023-11-10,3690.HK,-0.002702702702702675
2023-11-17,3690.HK,-0.030713640469738124
2023-11-24,3690.HK,0.016775396085740857
2023-12-01,3690.HK,-0.19431714023831337
2023-12-08,3690.HK,-0.014220705346985163
2023-12-15,3690.HK,-0.019619157530294307
2023-12-22,3690.HK,-0.09829311359623316
2023-12-29,3690.HK,0.06919060052219339
2024-01-05,3690.HK,-0.050671550671550714
2024-01-12,3690.HK,-0.032154340836012874
2024-01-19,3690.HK,-0.08770764119601326
2024-01-26,3690.HK,-0.028404952658412252
2024-02-02,3690.HK,-0.051724137931034475
2024-02-09,3690.HK,0.06403162055335954
2024-02-16,3690.HK,0.1092124814264488
2024-02-23,3690.HK,0.09176155391828522
2024-03-01,3690.HK,0.08466257668711674
2024-03-08,3690.HK,-0.041855203619909576
2024-03-15,3690.HK,0.05548996458087374
2024-03-22,3690.HK,-0.012863534675615296
2024-03-29,3690.HK,0.09688385269121813
2024-04-05,3690.HK,0.037190082644628086
2024-04-12,3690.HK,0.016932270916334646
2024-04-19,3690.HK,-0.06660137120470122
2024-04-26,3690.HK,0.21301154249737664
2024-05-03,3690.HK,0.035467128027681705
2024-05-10,3690.HK,-0.009189640768588192
2024-05-17,3690.HK,0.053962900505902134
2024-05-24,3690.HK,-0.0696
2024-05-31,3690.HK,-0.09630266552020639
2024-06-07,3690.HK,0.050428163653663205
2024-06-14,3690.HK,0.03894927536231885
2024-06-21,3690.HK,0.013077593722754965
2024-06-28,3690.HK,-0.043889845094664426
2024-07-05,3690.HK,0.07200720072007205
2024-07-12,3690.HK,0.02267002518891692
2024-07-19,3690.HK,-0.03530377668308704
2024-07-26,3690.HK,-0.08425531914893625
2024-08-02,3690.HK,-0.03345724907063197
2024-08-09,3690.HK,0.02115384615384608
2024-08-16,3690.HK,0.01412429378531077
2024-08-23,3690.HK,-0.0018570102135562205
2024-08-30,3690.HK,0.09953488372093022
2024-09-06,3690.HK,0.009306260575296044
2024-09-13,3690.HK,0.031014249790444204
2024-09-20,3690.HK,0.1048780487804879
2024-09-27,3690.HK,0.21118469462840306
2024-10-04,3690.HK,0.29647630619684096
2024-10-11,3690.HK,-0.09231490159325217
2024-10-18,3690.HK,-0.04284976768198234
2024-10-25,3690.HK,-0.0026968716289104133
2024-11-01,3690.HK,0.014602487831260058
2024-11-08,3690.HK,0.022388059701492713
2024-11-15,3690.HK,-0.1157455683003129
2024-11-22,3690.HK,-0.01474056603773588
2024-11-29,3690.HK,0.00957510472770795
2024-12-06,3690.HK,-0.03734439834024883
2024-12-13,3690.HK,0.0012315270935960854
2024-12-20,3690.HK,-0.024600246002460024
2024-12-27,3690.HK,-0.024590163934426257
2025-01-03,3690.HK,-0.006464124111182912
2025-01-10,3690.HK,-0.08848405985686403
2025-01-17,3690.HK,0.054960742326909395
2025-01-24,3690.HK,0.014884979702300294
2025-01-31,3690.HK,-0.012000000000000122
2025-02-07,3690.HK,0.03981106612685559
2025-02-14,3690.HK,0.10253082414016879
2025-02-21,3690.HK,-0.04120070629782224
2025-02-28,3690.HK,-0.0055248618784530246
2025-03-07,3690.HK,0.13271604938271597
2025-03-14,3690.HK,-0.05504087193460483
2025-03-21,3690.HK,-0.03344867358708192
2025-03-28,3690.HK,-0.04474940334128874
2025-04-04,3690.HK,-0.013741411617738897
2025-04-11,3690.HK,-0.09119696010132994
2025-04-18,3690.HK,-0.04878048780487809
2025-04-25,3690.HK,-0.06520146520146519
2025-05-02,3690.HK,0.03840125391849525
2025-05-09,3690.HK,0.0641509433962264
2025-05-16,3690.HK,-0.06808510638297871
2025-05-23,3690.HK,0.041856925418569224
2025-05-30,3690.HK,0.008035062089116085
2025-06-06,3690.HK,0.02681159420289836
2025-06-13,3690.HK,-0.02470007057163026
2025-06-20,3690.HK,-0.06946454413892911
2025-06-27,3690.HK,0.0062208398133749565
2025-07-04,3690.HK,-0.06646058732612059
2025-07-11,3690.HK,-0.0066225165562913135
2025-07-18,3690.HK,0.060833333333333295
2025-07-25,3690.HK,0.021995286724273422
2025-08-01,3690.HK,-0.06072252113758636
2025-08-08,3690.HK,-0.011456628477905073
2025-08-15,3690.HK,0.007450331125827825
2025-08-22,3690.HK,-0.027115858668857795
2025-08-29,3690.HK,-0.13260135135135132
2025-09-05,3690.HK,0.0029211295034079487
2025-09-12,3690.HK,-0.06262135922330103
2025-09-19,3690.HK,0.10098394614189532
2025-09-26,3690.HK,-0.05362182502351842
2025-10-03,3690.HK,0.05467196819085496
2025-10-10,3690.HK,-0.041470311027332674
2025-10-17,3690.HK,-0.07079646017699115
2025-10-24,3690.HK,0.06455026455026447
2025-10-31,3690.HK,0.013916500994035852
2025-11-07,3690.HK,0.0
2025-11-14,3690.HK,-0.019607843137254943
2025-11-21,3690.HK,-0.044499999999999984
2025-11-28,3690.HK,0.0727367870225013
2025-12-05,3690.HK,-0.033658536585365884
2025-12-12,3690.HK,0.03382130237253911
2025-12-19,3690.HK,0.0029296875
2025-12-26,3690.HK,0.004868549172346581
2026-01-02,3690.HK,0.013565891472868241
2026-01-09,3690.HK,-0.05831739961759075
2026-01-16,3690.HK,0.015228426395939021
2026-01-23,3690.HK,-0.024500000000000077
2026-01-30,3690.HK,-0.0035879036391593955
2026-02-06,3690.HK,-0.05967078189300412
2026-02-13,3690.HK,-0.10120350109409193
2026-02-20,3690.HK,-0.01704199634814374
2026-02-27,3690.HK,0.004953560371517174
2026-03-06,3690.HK,-0.05298829328404209
2026-03-13,3690.HK,-0.01171112556929077
2026-03-20,3690.HK,0.06254114549045431
2020-06-19,9999.HK,0.002703725734061413
2020-06-26,9999.HK,0.06471444750040445
2020-07-03,9999.HK,-0.018571983318982244
2020-07-10,9999.HK,0.1608491458652308
2020-07-17,9999.HK,-0.08891655181612057
2020-07-24,9999.HK,-0.003253143349761678
2020-07-31,9999.HK,0.00571158145531081
2020-08-07,9999.HK,0.05435752648915293
2020-08-14,9999.HK,-0.02308438110774247
2020-08-21,9999.HK,0.04332141338080309
2020-08-28,9999.HK,0.05707469537513776
2020-09-04,9999.HK,-0.05499292948049528
2020-09-11,9999.HK,-0.04383379434392909
2020-09-18,9999.HK,0.0324064559983559
2020-09-25,9999.HK,-0.010718277725887737
2020-10-02,9999.HK,-0.06500642325372619
2020-10-09,9999.HK,0.0024830737141816606
2020-10-16,9999.HK,-0.0008256411103221284
2020-10-23,9999.HK,-0.019831760564544165
2020-10-30,9999.HK,-0.00674433897047666
2020-11-06,9999.HK,0.05601860496698308
2020-11-13,9999.HK,-0.03857962674211135
2020-11-20,9999.HK,0.04263572372051039
2020-11-27,9999.HK,0.020847030901714136
2020-12-04,9999.HK,-0.04946668970609025
2020-12-11,9999.HK,-0.006610477607007059
2020-12-18,9999.HK,0.04075860921643648
2020-12-25,9999.HK,0.0007992327365728968
2021-01-01,9999.HK,0.04472129052866958
2021-01-08,9999.HK,0.18728023238036995
2021-01-15,9999.HK,-0.048931238732938365
2021-01-22,9999.HK,0.0913891145410235
2021-01-29,9999.HK,0.0012405408758218162
2021-02-05,9999.HK,0.08363275926155378
2021-02-12,9999.HK,0.08175165790075467
2021-02-19,9999.HK,-0.07663037733854772
2021-02-26,9999.HK,-0.14594780219780223
2021-03-05,9999.HK,0.006031363088057962
2021-03-12,9999.HK,0.003956834532374165
2021-03-19,9999.HK,-0.02654033467362027
2021-03-26,9999.HK,-0.02862712488242425
2021-04-02,9999.HK,0.04560955414906598
2021-04-09,9999.HK,-0.01946125867368176
2021-04-16,9999.HK,0.015056736520798752
2021-04-23,9999.HK,0.06203055679167191
2021-04-30,9999.HK,0.006348642025470808
2021-05-07,9999.HK,-0.03974412354744694
2021-05-14,9999.HK,-0.054528492779902016
2021-05-21,9999.HK,0.18483260836332827
2021-05-28,9999.HK,-0.04046588549913788
2021-06-04,9999.HK,-0.016710061486180927
2021-06-11,9999.HK,-0.010566882148184908
2021-06-18,9999.HK,-0.01067973363487884
2021-06-25,9999.HK,-0.03302006604013197
2021-07-02,9999.HK,0.03546099290780136
2021-07-09,9999.HK,-0.04249112125824461
2021-07-16,9999.HK,0.06954563518346801
2021-07-23,9999.HK,-0.029105771612583542
2021-07-30,9999.HK,-0.11162138027809665
2021-08-06,9999.HK,-0.1428776565192419
2021-08-13,9999.HK,0.05361031998659738
2021-08-20,9999.HK,-0.17490857051995545
2021-08-27,9999.HK,0.22547697051455007
2021-09-03,9999.HK,0.02122975310583408
2021-09-10,9999.HK,-0.06159531875577451
2021-09-17,9999.HK,-0.07406465375779459
2021-09-24,9999.HK,-0.026583254321994154
2021-10-01,9999.HK,0.05279782982713277
2021-10-08,9999.HK,0.11672848953334536
2021-10-15,9999.HK,0.03329384528427526
2021-10-22,9999.HK,0.0839246776018523
2021-10-29,9999.HK,-0.04700904924197902
2021-11-05,9999.HK,0.03554510964578195
2021-11-12,9999.HK,0.10857915420341424
2021-11-19,9999.HK,0.030963078109103925
2021-11-26,9999.HK,-0.001838764840364493
2021-12-03,9999.HK,-0.05617949930305244
2021-12-10,9999.HK,-0.04163847394992981
2021-12-17,9999.HK,-0.06313474175854028
2021-12-24,9999.HK,-0.020289266977768672
2021-12-31,9999.HK,0.050294369989053456
2022-01-07,9999.HK,-0.015492521337427068
2022-01-14,9999.HK,0.033618494463677706
2022-01-21,9999.HK,0.01591651442174613
2022-01-28,9999.HK,-0.09332170785537175
2022-02-04,9999.HK,0.06686500781343896
2022-02-11,9999.HK,0.02464719303681595
2022-02-18,9999.HK,-0.029552452166263343
2022-02-25,9999.HK,-0.07365230446729554
2022-03-04,9999.HK,-0.09174031375187308
2022-03-11,9999.HK,-0.03929160634322082
2022-03-18,9999.HK,0.08411018434148754
2022-03-25,9999.HK,0.01939613370401494
2022-04-01,9999.HK,0.044396524386376646
2022-04-08,9999.HK,0.006072751563733547
2022-04-15,9999.HK,0.023389871431158227
2022-04-22,9999.HK,-0.0973192957621869
2022-04-29,9999.HK,0.13639779149923226
2022-05-06,9999.HK,-0.09127759889604403
2022-05-13,9999.HK,0.015818279603910357
2022-05-20,9999.HK,0.0988819334143074
2022-05-27,9999.HK,0.048180478403809124
2022-06-03,9999.HK,-0.016899199653904406
2022-06-10,9999.HK,0.08735801314667602
2022-06-17,9999.HK,-0.135322275690681
2022-06-24,9999.HK,-0.027789763128834855
2022-07-01,9999.HK,-0.024070828412603995
2022-07-08,9999.HK,-0.030059888547182667
2022-07-15,9999.HK,-0.04450059996344591
2022-07-22,9999.HK,0.13722440764797383
2022-07-29,9999.HK,-0.04680381158540603
2022-08-05,9999.HK,-0.05217084417029183
2022-08-12,9999.HK,0.038853498028994515
2022-08-19,9999.HK,-0.07557990042153329
2022-08-26,9999.HK,0.07923062010603399
2022-09-02,9999.HK,-0.0088643481384868
2022-09-09,9999.HK,-0.017335665768363984
2022-09-16,9999.HK,-0.050518820265263886
2022-09-23,9999.HK,-0.0819215242470821
2022-09-30,9999.HK,-0.03679649697348808
2022-10-07,9999.HK,0.048707810440662413
2022-10-14,9999.HK,-0.12294410141522316
2022-10-21,9999.HK,-0.14640832346894272
2022-10-28,9999.HK,-0.134418412281342
2022-11-04,9999.HK,0.19323739389510375
2022-11-11,9999.HK,0.012366617200197938
2022-11-18,9999.HK,0.08783563683745177
2022-11-25,9999.HK,-0.035291852929223766
2022-12-02,9999.HK,0.04524089306698009
2022-12-09,9999.HK,0.05409017149766138
2022-12-16,9999.HK,-0.023141859599343895
2022-12-23,9999.HK,0.03193012452748567
2022-12-30,9999.HK,0.011977601884476163
2023-01-06,9999.HK,0.10060461400376774
2023-01-13,9999.HK,0.10933173219102588
2023-01-20,9999.HK,0.033121410164233644
2023-01-27,9999.HK,0.028931791347048375
2023-02-03,9999.HK,-0.01063934887184892
2023-02-10,9999.HK,-0.04224692173565725
2023-02-17,9999.HK,-0.013634139886275265
2023-02-24,9999.HK,-0.10244985242342686
2023-03-03,9999.HK,0.10961435676302456
2023-03-10,9999.HK,-0.06185962591948535
2023-03-17,9999.HK,0.06700896353668084
2023-03-24,9999.HK,0.04648886713971123
2023-03-31,9999.HK,-0.02338087444470427
2023-04-07,9999.HK,0.017556459979251482
2023-04-14,9999.HK,0.0407811152066504
2023-04-21,9999.HK,-0.024866249717429012
2023-04-28,9999.HK,-0.027045823352136567
2023-05-05,9999.HK,0.007942180922881459
2023-05-12,9999.HK,-0.030730438893704082
2023-05-19,9999.HK,0.021949435005284013
2023-05-26,9999.HK,-0.06284305146766356
2023-06-02,9999.HK,0.05008063831593246
2023-06-09,9999.HK,0.08591059736480489
2023-06-16,9999.HK,0.06997275528889824
2023-06-23,9999.HK,-0.059831081551155574
2023-06-30,9999.HK,0.04069913717829188
2023-07-07,9999.HK,-0.0355522689458041
2023-07-14,9999.HK,0.14229050855954806
2023-07-21,9999.HK,-0.043243103693090035
2023-07-28,9999.HK,0.055991041433370636
2023-08-04,9999.HK,0.028108190982381043
2023-08-11,9999.HK,-0.05778622823696067
2023-08-18,9999.HK,-0.046822036692649616
2023-08-25,9999.HK,-0.020755787405388193
2023-09-01,9999.HK,0.07277197643035782
2023-09-08,9999.HK,-0.0485780898062409
2023-09-15,9999.HK,0.037380072268139664
2023-09-22,9999.HK,0.006005525083076391
2023-09-29,9999.HK,-0.015919130815457483
2023-10-06,9999.HK,-0.017524703091088
2023-10-13,9999.HK,0.046651390623070554
2023-10-20,9999.HK,-0.03539544578597553
2023-10-27,9999.HK,0.07474755711392889
2023-11-03,9999.HK,0.024025998659602088
2023-11-10,9999.HK,0.012966004371395945
2023-11-17,9999.HK,0.02560007801928532
2023-11-24,9999.HK,-0.024961072612948776
2023-12-01,9999.HK,0.008362692152966478
2023-12-08,9999.HK,-0.0652828318241716
2023-12-15,9999.HK,-0.01034701294669993
2023-12-22,9999.HK,-0.27052811793457654
2023-12-29,9999.HK,0.16661590554848882
2024-01-05,9999.HK,0.042231675292166315
2024-01-12,9999.HK,-0.04052042966390146
2024-01-19,9999.HK,-0.013053426908487875
2024-01-26,9999.HK,0.1439307887407224
2024-02-02,9999.HK,-0.010881836854060967
2024-02-09,9999.HK,0.0570705612167719
2024-02-16,9999.HK,0.04813509048096054
2024-02-23,9999.HK,-0.012412029739223285
2024-03-01,9999.HK,0.02073724031319535
2024-03-08,9999.HK,-0.0375537141238903
2024-03-15,9999.HK,0.032564893113462334
2024-03-22,9999.HK,-0.020442930153321992
2024-03-29,9999.HK,-0.025296442687747
2024-04-05,9999.HK,-0.08434712084347118
2024-04-12,9999.HK,0.009211691762621932
2024-04-19,9999.HK,-0.05827628576443755
2024-04-26,9999.HK,0.04771668219944081
2024-05-03,9999.HK,0.05621775484789193
2024-05-10,9999.HK,-0.025602155971029217
2024-05-17,9999.HK,0.06568712186689707
2024-05-24,9999.HK,-0.13430656934306562
2024-05-31,9999.HK,-0.033726812816188834
2024-06-07,9999.HK,0.07813069614116719
2024-06-14,9999.HK,-0.020144174736327014
2024-06-21,9999.HK,-0.02863478171485634
2024-06-28,9999.HK,0.06727236995268271
2024-07-05,9999.HK,-0.024787886513973234
2024-07-12,9999.HK,-0.011619631367194794
2024-07-19,9999.HK,-0.01616482240738304
2024-07-26,9999.HK,0.017177254327921387
2024-08-02,9999.HK,-0.027900556542680643
2024-08-09,9999.HK,-0.0015105968368100964
2024-08-16,9999.HK,-0.01588526301456905
2024-08-23,9999.HK,-0.07455917846546467
2024-08-30,9999.HK,-0.004983471486237234
2024-09-06,9999.HK,-0.032738443045793764
2024-09-13,9999.HK,-0.012081880631019448
2024-09-20,9999.HK,0.020965093119955425
2024-09-27,9999.HK,0.18566686060440118
2024-10-04,9999.HK,0.11040872878420505
2024-10-11,9999.HK,-0.15596974187007717
2024-10-18,9999.HK,-0.05004773784224947
2024-10-25,9999.HK,-0.054305537543768656
2024-11-01,9999.HK,-0.0025712228735986775
2024-11-08,9999.HK,-0.03608991544648388
2024-11-15,9999.HK,0.13015261731564687
2024-11-22,9999.HK,0.018931027954817825
2024-11-29,9999.HK,-0.010249581965690147
2024-12-06,9999.HK,0.06179019491286808
2024-12-13,9999.HK,0.03535859508515515
2024-12-20,9999.HK,-0.02988217883772548
2024-12-27,9999.HK,-0.007333959164515402
2025-01-03,9999.HK,-0.03989597493941721
2025-01-10,9999.HK,0.07849051957645892
2025-01-17,9999.HK,0.050659284205719635
2025-01-24,9999.HK,0.031238964496237642
2025-01-31,9999.HK,0.017121934515185844
2025-02-07,9999.HK,0.012301556470618813
2025-02-14,9999.HK,0.015349979533360703
2025-02-21,9999.HK,-0.033385406168111365
2025-02-28,9999.HK,-0.03388681802778715
2025-03-07,9999.HK,0.058670372069179466
2025-03-14,9999.HK,-0.0012742911755335706
2025-03-21,9999.HK,-0.06060606060606055
2025-03-28,9999.HK,0.038709677419354716
2025-04-04,9999.HK,0.04642039882314508
2025-04-11,9999.HK,-0.09059668853483283
2025-04-18,9999.HK,0.055650979045001714
2025-04-25,9999.HK,0.04230393752033845
2025-05-02,9999.HK,0.024976584452076178
2025-05-09,9999.HK,-0.031069144075540622
2025-05-16,9999.HK,0.1653568060358377
2025-05-23,9999.HK,-0.007553277582951212
2025-05-30,9999.HK,0.01714596357705922
2025-06-06,9999.HK,0.044360355737985246
2025-06-13,9999.HK,0.040940820044625514
2025-06-20,9999.HK,-0.014748972488250023
2025-06-27,9999.HK,0.018961697371310038
2025-07-04,9999.HK,0.010773540185304853
2025-07-11,9999.HK,-0.039727912249762576
2025-07-18,9999.HK,0.05751649815341775
2025-07-25,9999.HK,-0.0009541802637355046
2025-08-01,9999.HK,-0.05539531241046014
2025-08-08,9999.HK,0.016177630381589703
2025-08-15,9999.HK,-0.02189011163956922
2025-08-22,9999.HK,0.025431832516123798
2025-08-29,9999.HK,0.040152973155294536
2025-09-05,9999.HK,-0.011444975894019604
2025-09-12,9999.HK,0.12735227859275744
2025-09-19,9999.HK,0.001711603387263061
2025-09-26,9999.HK,-0.027338860909273288
2025-10-03,9999.HK,0.027228929419979897
2025-10-10,9999.HK,0.003420279693371997
2025-10-17,9999.HK,-0.057946561340269986
2025-10-24,9999.HK,0.03075545343940944
2025-10-31,9999.HK,-0.05967555803228619
2025-11-07,9999.HK,0.00933275470254169
2025-11-14,9999.HK,0.0018492919523438456
2025-11-21,9999.HK,-0.06829750021919812
2025-11-28,9999.HK,0.046557932431562365
2025-12-05,9999.HK,0.023128363125239693
2025-12-12,9999.HK,0.0018502585736357435
2025-12-19,9999.HK,-0.01846841439428215
2025-12-26,9999.HK,-0.005644774350145432
2026-01-02,9999.HK,0.07379864324032814
2026-01-09,9999.HK,-0.05286669662446142
2026-01-16,9999.HK,-0.005581758812201687
2026-01-23,9999.HK,-0.040227143030881374
2026-01-30,9999.HK,-0.009747253711266834
2026-02-06,9999.HK,-0.08219070211530333
2026-02-13,9999.HK,-0.013942065356112532
2026-02-20,9999.HK,-0.034804172150136536
2026-02-27,9999.HK,-0.000563424720823047
2026-03-06,9999.HK,0.05637423471976377
2026-03-13,9999.HK,-0.02660817777208535
2026-03-20,9999.HK,0.00493421052631593
2020-06-26,9618.HK,0.0036462748744314766
2020-07-03,9618.HK,0.005449541784361633
2020-07-10,9618.HK,0.11201344161299365
2020-07-17,9618.HK,-0.08042176749173446
2020-07-24,9618.HK,-0.025618148249573647
2020-07-31,9618.HK,0.027198302825903742
2020-08-07,9618.HK,0.024712932807300803
2020-08-14,9618.HK,-0.014642423407205785
2020-08-21,9618.HK,0.19492836601078656
2020-08-28,9618.HK,0.07607844858486779
2020-09-04,9618.HK,-0.002039415095750563
2020-09-11,9618.HK,-0.04359643326680318
2020-09-18,9618.HK,-0.01139593022841734
2020-09-25,9618.HK,-0.034581883415825465
2020-10-02,9618.HK,0.043283259080155956
2020-10-09,9618.HK,0.050071172595332
2020-10-16,9618.HK,0.024522993712577046
2020-10-23,9618.HK,0.003324445981077284
2020-10-30,9618.HK,-0.0026507445278692865
2020-11-06,9618.HK,0.14285619364655378
2020-11-13,9618.HK,-0.02848820646391592
2020-11-20,9618.HK,-0.03710330877732626
2020-11-27,9618.HK,0.02113100602233664
2020-12-04,9618.HK,-0.010346863378798643
2020-12-11,9618.HK,-0.059040227304875126
2020-12-18,9618.HK,0.0006535904994084962
2020-12-25,9618.HK,0.016329089947159092
2021-01-01,9618.HK,0.05334155950154562
2021-01-08,9618.HK,0.017083483322249293
2021-01-15,9618.HK,0.008398269956388926
2021-01-22,9618.HK,0.04402115394911399
2021-01-29,9618.HK,-0.05527034033994116
2021-02-05,9618.HK,0.07177278786014574
2021-02-12,9618.HK,0.04839590097973567
2021-02-19,9618.HK,0.06387512681091345
2021-02-26,9618.HK,-0.12764819551869055
2021-03-05,9618.HK,-0.007518753506341791
2021-03-12,9618.HK,-0.04079230307515691
2021-03-19,9618.HK,-0.05164002648829591
2021-03-26,9618.HK,-0.04228031851173275
2021-04-02,9618.HK,0.0769225623908869
2021-04-09,9618.HK,-0.06273252961161724
2021-04-16,9618.HK,-0.043074598577875545
2021-04-23,9618.HK,-0.020775479394187002
2021-04-30,9618.HK,0.006364877193230534
2021-05-07,9618.HK,-0.021784808258550448
2021-05-14,9618.HK,-0.08764304854131788
2021-05-21,9618.HK,0.08110172360847545
2021-05-28,9618.HK,-0.023306458073866776
2021-06-04,9618.HK,0.04847092862842195
2021-06-11,9618.HK,-0.05760983207800796
2021-06-18,9618.HK,0.027169606267122504
2021-06-25,9618.HK,0.03159418373119971
2021-07-02,9618.HK,0.020655123539006004
2021-07-09,9618.HK,-0.07606367017676063
2021-07-16,9618.HK,0.07175172392957752
2021-07-23,9618.HK,-0.028893383415198093
2021-07-30,9618.HK,-0.047895153155637415
2021-08-06,9618.HK,-0.0007621893125814294
2021-08-13,9618.HK,-0.009153248258975788
2021-08-20,9618.HK,-0.1254801733627917
2021-08-27,9618.HK,0.27904683937641384
2021-09-03,9618.HK,0.025464380837021183
2021-09-10,9618.HK,0.03020113958966708
2021-09-17,9618.HK,-0.044950847225751045
2021-09-24,9618.HK,-0.0518413926235155
2021-10-01,9618.HK,-0.032373867813900614
2021-10-08,9618.HK,0.04832677823956688
2021-10-15,9618.HK,0.06595697902851749
2021-10-22,9618.HK,0.03393190996733231
2021-10-29,9618.HK,-0.04697524468954517
2021-11-05,9618.HK,-0.002025644661413528
2021-11-12,9618.HK,0.06698195546714847
2021-11-19,9618.HK,0.07228869823273154
2021-11-26,9618.HK,-0.018923601871071116
2021-12-03,9618.HK,-0.07353783280390125
2021-12-10,9618.HK,-0.030578851146056185
2021-12-17,9618.HK,-0.10738182965214993
2021-12-24,9618.HK,-0.07142803437568135
2021-12-31,9618.HK,0.05182144274135436
2022-01-07,9618.HK,-0.02001524237688712
2022-01-14,9618.HK,0.07148412031327323
2022-01-21,9618.HK,0.07038071568390247
2022-01-28,9618.HK,-0.13767028992952113
2022-02-04,9618.HK,0.07466183747547661
2022-02-11,9618.HK,0.05099740578414069
2022-02-18,9618.HK,-0.04078733623532871
2022-02-25,9618.HK,-0.0410554174822767
2022-03-04,9618.HK,-0.05122284997821114
2022-03-11,9618.HK,-0.2062835915907204
2022-03-18,9618.HK,0.16548055349691881
2022-03-25,9618.HK,-0.06533044137246191
2022-04-01,9618.HK,0.0009319577636741627
2022-04-08,9618.HK,-0.030725970894125765
2022-04-15,9618.HK,0.019212111314973024
2022-04-22,9618.HK,-0.08482483671218932
2022-04-29,9618.HK,0.29453867622372565
2022-05-06,9618.HK,-0.15513003078734455
2022-05-13,9618.HK,-0.12711744710501782
2022-05-20,9618.HK,0.09118563985286032
2022-05-27,9618.HK,-0.0158174664373133
2022-06-03,9618.HK,0.06529119874640887
2022-06-10,9618.HK,0.13860863333773366
2022-06-17,9618.HK,0.04306275568511175
2022-06-24,9618.HK,-0.04525461676485054
2022-07-01,9618.HK,0.012473597551848625
2022-07-08,9618.HK,-0.028746488821722482
2022-07-15,9618.HK,-0.03889931841629046
2022-07-22,9618.HK,0.045752899150051984
2022-07-29,9618.HK,-0.05553031450350843
2022-08-05,9618.HK,0.05166853742405619
2022-08-12,9618.HK,-0.09656597828112568
2022-08-19,9618.HK,-0.02531550621636325
2022-08-26,9618.HK,0.150066375512246
2022-09-02,9618.HK,-0.01840172641651472
2022-09-09,9618.HK,-0.0025563679124699368
2022-09-16,9618.HK,-0.08713926905530778
2022-09-23,9618.HK,-0.08422707619742831
2022-09-30,9618.HK,-0.032701780203159836
2022-10-07,9618.HK,0.00422591755234869
2022-10-14,9618.HK,-0.12940013045216403
2022-10-21,9618.HK,-0.06948304613674261
2022-10-28,9618.HK,-0.10843592540647251
2022-11-04,9618.HK,0.18207242112622724
2022-11-11,9618.HK,0.12876752840278982
2022-11-18,9618.HK,0.1391860617440286
2022-11-25,9618.HK,-0.09247369530636107
2022-12-02,9618.HK,0.09767274877513099
2022-12-09,9618.HK,0.0942724666679493
2022-12-16,9618.HK,-0.05186630799796055
2022-12-23,9618.HK,0.012980510690377756
2022-12-30,9618.HK,-0.034781335237153876
2023-01-06,9618.HK,0.14129383427845332
2023-01-13,9618.HK,-0.007477940076773604
2023-01-20,9618.HK,-0.039345689554137864
2023-01-27,9618.HK,0.05490004705718321
2023-02-03,9618.HK,-0.08508599468006006
2023-02-10,9618.HK,-0.0920959965328566
2023-02-17,9618.HK,0.0009944905225052203
2023-02-24,9618.HK,-0.15995390148429267
2023-03-03,9618.HK,0.037254299027840165
2023-03-10,9618.HK,-0.1482258505883426
2023-03-17,9618.HK,-0.027441636324694763
2023-03-24,9618.HK,0.028904120901808605
2023-03-31,9618.HK,0.08828958985472335
2023-04-07,9618.HK,-0.06494456326671094
2023-04-14,9618.HK,-0.07427320709079066
2023-04-21,9618.HK,-0.056801641567441274
2023-04-28,9618.HK,-0.028605626275020613
2023-05-05,9618.HK,0.03797242736804596
2023-05-12,9618.HK,0.02986389529718303
2023-05-19,9618.HK,-0.05509601931260466
2023-05-26,9618.HK,-0.05447249906015761
2023-06-02,9618.HK,0.06815913535268292
2023-06-09,9618.HK,0.049376713941705175
2023-06-16,9618.HK,0.08976335772869759
2023-06-23,9618.HK,-0.11491885931407375
2023-06-30,9618.HK,-0.05779001958856522
2023-07-07,9618.HK,0.018320707975880257
2023-07-14,9618.HK,0.12359102322416127
2023-07-21,9618.HK,-0.03689754318056815
2023-07-28,9618.HK,0.05927382337846332
2023-08-04,9618.HK,0.010918446032168516
2023-08-11,9618.HK,-0.06007789875861491
2023-08-18,9618.HK,-0.10700871151456837
2023-08-25,9618.HK,-0.009650879436388538
2023-09-01,9618.HK,-0.009744926547616162
2023-09-08,9618.HK,-0.002460206165276646
2023-09-15,9618.HK,-0.03206155819172818
2023-09-22,9618.HK,-0.03652083811076856
2023-09-29,9618.HK,-0.045838806075404914
2023-10-06,9618.HK,-0.017553422455446666
2023-10-13,9618.HK,-0.08463339633819511
2023-10-20,9618.HK,-0.07756238378483882
2023-10-27,9618.HK,0.052900624784221195
2023-11-03,9618.HK,0.017981616441543835
2023-11-10,9618.HK,-0.04260138610363562
2023-11-17,9618.HK,0.06945876428517161
2023-11-24,9618.HK,0.05175510701129493
2023-12-01,9618.HK,-0.045348848428710675
2023-12-08,9618.HK,-0.010107033484601957
2023-12-15,9618.HK,0.009189205746316542
2023-12-22,9618.HK,0.0010117259032182968
2023-12-29,9618.HK,0.06771712434683308
2024-01-05,9618.HK,-0.06815535634838754
2024-01-12,9618.HK,-0.07110858280594468
2024-01-19,9618.HK,-0.15474458940737745
2024-01-26,9618.HK,0.09315444230246728
2024-02-02,9618.HK,-0.06332035364713395
2024-02-09,9618.HK,0.0006317837783196278
2024-02-16,9618.HK,0.12248866664141134
2024-02-23,9618.HK,-0.02249946563769112
2024-03-01,9618.HK,-0.036827749709406055
2024-03-08,9618.HK,0.024494868026430527
2024-03-15,9618.HK,0.13879007709263957
2024-03-22,9618.HK,-0.009217439395336036
2024-03-29,9618.HK,0.04444857919599743
2024-04-05,9618.HK,-0.02006116329014951
2024-04-12,9618.HK,-0.0050497909386550965
2024-04-19,9618.HK,-0.051769291674279794
2024-04-26,9618.HK,0.21838268353779933
2024-05-03,9618.HK,0.08171226738362591
2024-05-10,9618.HK,-0.0032490212323538215
2024-05-17,9618.HK,0.06111772087944334
2024-05-24,9618.HK,-0.11135515382370564
2024-05-31,9618.HK,-0.04925938088736026
2024-06-07,9618.HK,0.01636155398403827
2024-06-14,9618.HK,-0.01609816302073086
2024-06-21,9618.HK,-0.03999490973876041
2024-06-28,9618.HK,-0.058704338439979575
2024-07-05,9618.HK,-0.006035367252097412
2024-07-12,9618.HK,0.09411621834962669
2024-07-19,9618.HK,-0.08602031189300197
2024-07-26,9618.HK,-0.004048009391381724
2024-08-02,9618.HK,-0.039628508139085916
2024-08-09,9618.HK,0.01904479759612321
2024-08-16,9618.HK,0.08306165251157682
2024-08-23,9618.HK,-0.022048814157255903
2024-08-30,9618.HK,0.012743348952104494
2024-09-06,9618.HK,-0.028069767892057174
2024-09-13,9618.HK,0.0
2024-09-20,9618.HK,0.0826577967215727
2024-09-27,9618.HK,0.36241882370255896
2024-10-04,9618.HK,0.2079479319983255
2024-10-11,9618.HK,-0.0877516572207876
2024-10-18,9618.HK,-0.050853480706312015
2024-10-25,9618.HK,-0.016783505687026357
2024-11-01,9618.HK,0.012474230865186398
2024-11-08,9618.HK,-0.0181565875990507
2024-11-15,9618.HK,-0.14992008664984735
2024-11-22,9618.HK,0.03806889693428839
2024-11-29,9618.HK,0.04715074767614169
2024-12-06,9618.HK,0.02001229326586329
2024-12-13,9618.HK,-0.01541544627716962
2024-12-20,9618.HK,-0.04981710007543727
2024-12-27,9618.HK,-0.01123477687733121
2025-01-03,9618.HK,-0.01287742209159648
2025-01-10,9618.HK,-0.02532344951425014
2025-01-17,9618.HK,0.12439573590312869
2025-01-24,9618.HK,0.06301903174758783
2025-01-31,9618.HK,0.007904409343012064
2025-02-07,9618.HK,0.0013070699413124665
2025-02-14,9618.HK,0.038508230318378356
2025-02-21,9618.HK,-0.008798722928215041
2025-02-28,9618.HK,-0.006340591196723144
2025-03-07,9618.HK,0.060619982898783675
2025-03-14,9618.HK,-0.027073531712130117
2025-03-21,9618.HK,-0.01669614257269003
2025-03-28,9618.HK,0.009433131673940665
2025-04-04,9618.HK,-0.06790684924679469
2025-04-11,9618.HK,-0.043538706270803584
2025-04-18,9618.HK,-0.027253668763102756
2025-04-25,9618.HK,-0.11063218390804597
2025-05-02,9618.HK,0.06704361873990305
2025-05-09,9618.HK,-0.004542013626040786
2025-05-16,9618.HK,0.0022813688212928174
2025-05-23,9618.HK,0.0007587253414262918
2025-05-30,9618.HK,-0.022744503411675554
2025-06-06,9618.HK,-0.0015515903801397446
2025-06-13,9618.HK,0.008547008547008739
2025-06-20,9618.HK,-0.03235747303543923
2025-06-27,9618.HK,0.03742038216560517
2025-07-04,9618.HK,-0.046815042210283986
2025-07-11,9618.HK,-0.007246376811594235
2025-07-18,9618.HK,0.03974047039740469
2025-07-25,9618.HK,0.017940717628705194
2025-08-01,9618.HK,-0.05977011494252871
2025-08-08,9618.HK,0.0016299918500408683
2025-08-15,9618.HK,-0.0170870626525631
2025-08-22,9618.HK,0.004966887417218624
2025-08-29,9618.HK,-0.029654036243822124
2025-09-05,9618.HK,0.03650254668930386
2025-09-12,9618.HK,0.07862407862407861
2025-09-19,9618.HK,0.05391040242976475
2025-09-26,9618.HK,-0.04538904899135454
2025-10-03,9618.HK,0.058113207547169754
2025-10-10,9618.HK,-0.059914407988587604
2025-10-17,9618.HK,-0.05842185128983324
2025-10-24,9618.HK,0.037872683319903455
2025-10-31,9618.HK,-0.009316770186335588
2025-11-07,9618.HK,-0.028213166144200552
2025-11-14,9618.HK,-0.057258064516129026
2025-11-21,9618.HK,-0.056458511548331924
2025-11-28,9618.HK,0.05621033544877618
2025-12-05,9618.HK,0.0042918454935623185
2025-12-12,9618.HK,-0.011965811965812034
2025-12-19,9618.HK,-0.037197231833909994
2025-12-26,9618.HK,0.013477088948786964
2026-01-02,9618.HK,0.020390070921985748
2026-01-09,9618.HK,-0.004344048653344923
2026-01-16,9618.HK,-0.008726003490401424
2026-01-23,9618.HK,0.010563380281690238
2026-01-30,9618.HK,-0.020905923344947674
2026-02-06,9618.HK,-0.04893238434163705
2026-02-13,9618.HK,-0.004677268475210439
2026-02-20,9618.HK,-0.024436090225564033
2026-02-27,9618.HK,0.005780346820809301
2026-03-06,9618.HK,0.021072796934865856
2026-03-13,9618.HK,0.02814258911819878
2026-03-20,9618.HK,0.010036496350364965
2021-04-02,9888.HK,0.01962616822429908
2021-04-09,9888.HK,-0.0009165902841429263
2021-04-16,9888.HK,-0.050458715596330306
2021-04-23,9888.HK,0.01642512077294689
2021-04-30,9888.HK,-0.02186311787072237
2021-05-07,9888.HK,-0.09863945578231292
2021-05-14,9888.HK,-0.05067385444743944
2021-05-21,9888.HK,0.07155025553662697
2021-05-28,9888.HK,-0.004769475357710551
2021-06-04,9888.HK,-0.017039403620873306
2021-06-11,9888.HK,-0.008125677139761645
2021-06-18,9888.HK,-0.00928454396504641
2021-06-25,9888.HK,0.05016538037486207
2021-07-02,9888.HK,0.014698162729658959
2021-07-09,9888.HK,-0.09777547853078117
2021-07-16,9888.HK,0.028096330275229286
2021-07-23,9888.HK,-0.041829336307863896
2021-07-30,9888.HK,-0.07916181606519224
2021-08-06,9888.HK,0.017699115044247815
2021-08-13,9888.HK,-0.04285714285714293
2021-08-20,9888.HK,-0.13367942894224527
2021-08-27,9888.HK,0.12734082397003754
2021-09-03,9888.HK,0.053820598006644405
2021-09-10,9888.HK,0.02206809583858771
2021-09-17,9888.HK,-0.018507094386181366
2021-09-24,9888.HK,-0.027027027027026973
2021-10-01,9888.HK,-0.04134366925064603
2021-10-08,9888.HK,0.03032345013477089
2021-10-15,9888.HK,0.05297580117723988
2021-10-22,9888.HK,0.10310559006211184
2021-10-29,9888.HK,-0.08783783783783783
2021-11-05,9888.HK,-0.014197530864197616
2021-11-12,9888.HK,0.031934877896055314
2021-11-19,9888.HK,-0.08191747572815533
2021-11-26,9888.HK,-0.02379378717779257
2021-12-03,9888.HK,-0.03182125930941093
2021-12-10,9888.HK,0.020279720279720248
2021-12-17,9888.HK,-0.05483207676490742
2021-12-24,9888.HK,0.00870195794053652
2021-12-31,9888.HK,0.03953989935298341
2022-01-07,9888.HK,0.03042876901798075
2022-01-14,9888.HK,0.006040268456375841
2022-01-21,9888.HK,0.06537691794529676
2022-01-28,9888.HK,-0.11396368190356909
2022-02-04,9888.HK,0.07703180212014149
2022-02-11,9888.HK,0.042650918635170676
2022-02-18,9888.HK,0.007551919446192601
2022-02-25,9888.HK,-0.09556527170518414
2022-03-04,9888.HK,0.02900552486187835
2022-03-11,9888.HK,-0.1174496644295302
2022-03-18,9888.HK,0.1361216730038024
2022-03-25,9888.HK,-0.04953145917001345
2022-04-01,9888.HK,-0.04788732394366202
2022-04-08,9888.HK,0.0007396449704144548
2022-04-15,9888.HK,-0.02882483370288247
2022-04-22,9888.HK,-0.11111111111111116
2022-04-29,9888.HK,0.11815068493150682
2022-05-06,9888.HK,-0.09724349157733525
2022-05-13,9888.HK,-0.058524173027989845
2022-05-20,9888.HK,0.11351351351351346
2022-05-27,9888.HK,0.06957928802588986
2022-06-03,9888.HK,0.05219364599092291
2022-06-10,9888.HK,0.07764198418404034
2022-06-17,9888.HK,-0.07338225483655769
2022-06-24,9888.HK,0.06407487401007916
2022-07-01,9888.HK,0.004736129905277275
2022-07-08,9888.HK,0.010101010101010166
2022-07-15,9888.HK,-0.08466666666666656
2022-07-22,9888.HK,0.02039329934450107
2022-07-29,9888.HK,-0.05424696645253391
2022-08-05,9888.HK,0.040000000000000036
2022-08-12,9888.HK,-0.010159651669085723
2022-08-19,9888.HK,-0.0637829912023461
2022-08-26,9888.HK,0.13860610806577922
2022-09-02,9888.HK,-0.04195323246217331
2022-09-09,9888.HK,-0.013639626704953334
2022-09-16,9888.HK,-0.1084425036390102
2022-09-23,9888.HK,-0.04979591836734687
2022-09-30,9888.HK,-0.019759450171821458
2022-10-07,9888.HK,0.04732690622261182
2022-10-14,9888.HK,-0.12635983263598327
2022-10-21,9888.HK,-0.1403256704980843
2022-10-28,9888.HK,-0.1565459610027855
2022-11-04,9888.HK,0.09114927344782031
2022-11-11,9888.HK,0.03450363196125927
2022-11-18,9888.HK,0.0971328262141602
2022-11-25,9888.HK,-0.013866666666666583
2022-12-02,9888.HK,0.1476473769605191
2022-12-09,9888.HK,0.15928369462770986
2022-12-16,9888.HK,-0.08536585365853655
2022-12-23,9888.HK,-0.004444444444444473
2022-12-30,9888.HK,-0.002678571428571419
2023-01-06,9888.HK,0.13965980304386738
2023-01-13,9888.HK,0.051846032992930224
2023-01-20,9888.HK,-0.020164301717699895
2023-01-27,9888.HK,0.043445121951219745
2023-02-03,9888.HK,0.05770635500365229
2023-02-10,9888.HK,-0.0303867403314918
2023-02-17,9888.HK,0.0064102564102563875
2023-02-24,9888.HK,-0.07006369426751591
2023-03-03,9888.HK,0.13698630136986312
2023-03-10,9888.HK,-0.13319946452476572
2023-03-17,9888.HK,0.09806949806949805
2023-03-24,9888.HK,0.08579465541490872
2023-03-31,9888.HK,-0.036917098445595986
2023-04-07,9888.HK,-0.039004707464693866
2023-04-14,9888.HK,-0.09027291812456262
2023-04-21,9888.HK,-0.055384615384615365
2023-04-28,9888.HK,-0.057817589576547146
2023-05-05,9888.HK,0.03457216940363006
2023-05-12,9888.HK,-0.005012531328320913
2023-05-19,9888.HK,0.007556675062972307
2023-05-26,9888.HK,-0.029166666666666674
2023-06-02,9888.HK,0.12017167381974247
2023-06-09,9888.HK,0.01685823754789273
2023-06-16,9888.HK,0.0934438583270536
2023-06-23,9888.HK,-0.04755341144038594
2023-06-30,9888.HK,-0.03907380607814748
2023-07-07,9888.HK,0.034638554216867457
2023-07-14,9888.HK,0.07641921397379914
2023-07-21,9888.HK,-0.049357674104124505
2023-07-28,9888.HK,0.057610241820768016
2023-08-04,9888.HK,-0.011432414256893009
2023-08-11,9888.HK,-0.06258503401360538
2023-08-18,9888.HK,-0.08490566037735858
2023-08-25,9888.HK,0.04599524187153059
2023-09-01,9888.HK,0.056861258529188774
2023-09-08,9888.HK,-0.017216642754662836
2023-09-15,9888.HK,-0.020437956204379604
2023-09-22,9888.HK,-0.03427719821162445
2023-09-29,9888.HK,0.029320987654321007
2023-10-06,9888.HK,-0.04197901049475272
2023-10-13,9888.HK,-0.025039123630672955
2023-10-20,9888.HK,-0.1629213483146067
2023-10-27,9888.HK,0.025886864813039256
2023-11-03,9888.HK,-0.0158878504672898
2023-11-10,9888.HK,-0.037986704653371284
2023-11-17,9888.HK,0.021717670286278468
2023-11-24,9888.HK,0.1420289855072463
2023-12-01,9888.HK,-0.027918781725888353
2023-12-08,9888.HK,-0.026979982593559715
2023-12-15,9888.HK,-0.0017889087656529634
2023-12-22,9888.HK,-0.006272401433691677
2023-12-29,9888.HK,0.046889089269612105
2024-01-05,9888.HK,-0.006890611541774283
2024-01-12,9888.HK,-0.014744145706851675
2024-01-19,9888.HK,-0.12676056338028163
2024-01-26,9888.HK,0.03931451612903225
2024-02-02,9888.HK,-0.01066925315227929
2024-02-09,9888.HK,-0.007843137254901933
2024-02-16,9888.HK,0.05632411067193677
2024-02-23,9888.HK,0.028063610851262855
2024-03-01,9888.HK,-0.07916287534121935
2024-03-08,9888.HK,-0.04940711462450598
2024-03-15,9888.HK,0.053014553014552934
2024-03-22,9888.HK,-0.03060217176702862
2024-03-29,9888.HK,0.04582484725050917
2024-04-05,9888.HK,0.023369036027263812
2024-04-12,9888.HK,-0.07183634633682201
2024-04-19,9888.HK,-0.05176832393644282
2024-04-26,9888.HK,0.09081081081081077
2024-05-03,9888.HK,0.09018830525272548
2024-05-10,9888.HK,-0.025454545454545396
2024-05-17,9888.HK,0.034514925373134275
2024-05-24,9888.HK,-0.11722272317403071
2024-05-31,9888.HK,-0.04494382022471921
2024-06-07,9888.HK,0.0117647058823529
2024-06-14,9888.HK,-0.031712473572938715
2024-06-21,9888.HK,-0.046397379912663794
2024-06-28,9888.HK,-0.02404121350887234
2024-07-05,9888.HK,0.013489736070381397
2024-07-12,9888.HK,0.15162037037037024
2024-07-19,9888.HK,-0.11407035175879388
2024-07-26,9888.HK,-0.0289279636982418
2024-08-02,9888.HK,-0.024532710280373737
2024-08-09,9888.HK,-0.003592814371257469
2024-08-16,9888.HK,0.007211538461538325
2024-08-23,9888.HK,-0.019093078758949833
2024-08-30,9888.HK,0.009124087591240837
2024-09-06,9888.HK,-0.038577456298975354
2024-09-13,9888.HK,0.028840125391849547
2024-09-20,9888.HK,0.04143814747105434
2024-09-27,9888.HK,0.1772966647162082
2024-10-04,9888.HK,0.09840954274353875
2024-10-11,9888.HK,-0.08597285067873306
2024-10-18,9888.HK,-0.0762376237623763
2024-10-25,9888.HK,-0.06698821007502676
2024-11-01,9888.HK,0.014933946008041321
2024-11-08,9888.HK,0.00679117147707986
2024-11-15,9888.HK,-0.07532321528948849
2024-11-22,9888.HK,-0.0680851063829786
2024-11-29,9888.HK,0.06066536203522488
2024-12-06,9888.HK,0.044895448954489714
2024-12-13,9888.HK,0.022366097704531906
2024-12-20,9888.HK,-0.05641911341393202
2024-12-27,9888.HK,0.03721781574130567
2025-01-03,9888.HK,-0.04647058823529415
2025-01-10,9888.HK,-0.04133251079580502
2025-01-17,9888.HK,0.012226512226512165
2025-01-24,9888.HK,0.03687221869040047
2025-01-31,9888.HK,0.0766400980993256
2025-02-07,9888.HK,-0.01765375854214124
2025-02-14,9888.HK,0.11942028985507247
2025-02-21,9888.HK,-0.07301916105644746
2025-02-28,9888.HK,-0.06703910614525144
2025-03-07,9888.HK,0.08742514970059867
2025-03-14,9888.HK,0.009361233480176256
2025-03-21,9888.HK,-0.0021822149481723896
2025-03-28,9888.HK,0.020776380535811878
2025-04-04,9888.HK,-0.059453668987680786
2025-04-11,9888.HK,-0.09908883826879278
2025-04-18,9888.HK,0.04361567635903918
2025-04-25,9888.HK,0.06117504542701391
2025-05-02,9888.HK,-0.001712328767123239
2025-05-09,9888.HK,-0.03316180674671243
2025-05-16,9888.HK,0.046717918391484314
2025-05-23,9888.HK,-0.06101694915254241
2025-05-30,9888.HK,-0.017448856799037182
2025-06-06,9888.HK,0.02388242498469051
2025-06-13,9888.HK,0.019736842105263275
2025-06-20,9888.HK,-0.02756598240469199
2025-06-27,9888.HK,0.011459589867309772
2025-07-04,9888.HK,0.024448419797257204
2025-07-11,9888.HK,0.006984866123399325
2025-07-18,9888.HK,-0.005780346820809301
2025-07-25,9888.HK,0.03023255813953485
2025-08-01,9888.HK,-0.03498871331828435
2025-08-08,9888.HK,0.0017543859649122862
2025-08-15,9888.HK,0.016345592527728936
2025-08-22,9888.HK,-0.0160827110855829
2025-08-29,9888.HK,0.04378283712784592
2025-09-05,9888.HK,0.08501118568232657
2025-09-12,9888.HK,0.1865979381443299
2025-09-19,9888.HK,0.1424847958297133
2025-09-26,9888.HK,-0.018250950570342206
2025-10-03,9888.HK,0.07048799380325321
2025-10-10,9888.HK,-0.08900144717800273
2025-10-17,9888.HK,-0.10325655281969814
2025-10-24,9888.HK,0.043401240035429556
2025-10-31,9888.HK,-0.001697792869269965
2025-11-07,9888.HK,0.057823129251700855
2025-11-14,9888.HK,-0.05868167202572361
2025-11-21,9888.HK,-0.0836891545687446
2025-11-28,9888.HK,0.06057781919850891
2025-12-05,9888.HK,0.06854130052724083
2025-12-12,9888.HK,0.03618421052631593
2025-12-19,9888.HK,-0.05714285714285716
2025-12-26,9888.HK,0.005892255892255838
2026-01-02,9888.HK,0.20334728033472804
2026-01-09,9888.HK,-0.0445062586926287
2026-01-16,9888.HK,0.05967976710334777
2026-01-23,9888.HK,0.10233516483516492
2026-01-30,9888.HK,-0.04797507788161992
2026-02-06,9888.HK,-0.09816753926701571
2026-02-13,9888.HK,-0.014513788098693747
2026-02-20,9888.HK,-0.050073637702503726
2026-02-27,9888.HK,-0.041085271317829464
2026-03-06,9888.HK,-0.03395311236863385
2026-03-13,9888.HK,0.02259414225941425
2026-03-20,9888.HK,-0.036006546644844595
2020-03-13,HSI,-0.0808424170267188
2020-03-20,HSI,-0.05108994291577673
2020-03-27,HSI,0.029783245567761796
2020-04-03,HSI,-0.010567409797848093
2020-04-10,HSI,0.04580022018314511
2020-04-17,HSI,0.003278556299441071
2020-04-24,HSI,-0.022504922067268174
2020-05-01,HSI,0.034083704098764045
2020-05-08,HSI,-0.016775964865508697
2020-05-15,HSI,-0.017857860675348003
2020-05-22,HSI,-0.036446309778043307
2020-05-29,HSI,0.0013663239140135897
2020-06-05,HSI,0.07878149444345262
2020-06-12,HSI,-0.018935132684521516
2020-06-19,HSI,0.014094261893532911
2020-06-26,HSI,-0.0038102346589857783
2020-07-03,HSI,0.03352868982838686
2020-07-10,HSI,0.013963241964852768
2020-07-17,HSI,-0.024807782827731217
2020-07-24,HSI,-0.015299031414749753
2020-07-31,HSI,-0.004451670955215037
2020-08-07,HSI,-0.0025911808532913527
2020-08-14,HSI,0.02655311905830593
2020-08-21,HSI,-0.0027466931077737566
2020-08-28,HSI,0.012272953877224824
2020-09-04,HSI,-0.028581946994777563
2020-09-11,HSI,-0.007780299924897038
2020-09-18,HSI,-0.0019548786692541453
2020-09-25,HSI,-0.04988630327604415
2020-10-02,HSI,0.009624487097715573
2020-10-09,HSI,0.028137543000997356
2020-10-16,HSI,0.011097498587117283
2020-10-23,HSI,0.021814678282189748
2020-10-30,HSI,-0.03256022034143646
2020-11-06,HSI,0.06659986842225352
2020-11-13,HSI,0.017263193739844418
2020-11-20,HSI,0.011265878674499907
2020-11-27,HSI,0.01675293826948976
2020-12-04,HSI,-0.0021848187076404235
2020-12-11,HSI,-0.012298851688334111
2020-12-18,HSI,-0.0002742411501392983
2020-12-25,HSI,-0.004228110164310461
2021-01-01,HSI,0.03200758143511018
2021-01-08,HSI,0.02376287639319874
2021-01-15,HSI,0.024952739990116157
2021-01-22,HSI,0.030587083109775204
2021-01-29,HSI,-0.0395322239144793
2021-02-05,HSI,0.03553172354221834
2021-02-12,HSI,0.030212696509368087
2021-02-19,HSI,0.01561502334659104
2021-02-26,HSI,-0.054316678452814626
2021-03-05,HSI,0.004074435482888772
2021-03-12,HSI,-0.012322648936506142
2021-03-19,HSI,0.008741177410873213
2021-03-26,HSI,-0.022576363512186837
2021-04-02,HSI,0.021255676879550434
2021-04-09,HSI,-0.008291273220603301
2021-04-16,HSI,0.009439767187486403
2021-04-23,HSI,0.003763896712673409
2021-04-30,HSI,-0.012169333276017658
2021-05-07,HSI,-0.003976726657283658
2021-05-14,HSI,-0.020379823597157065
2021-05-21,HSI,0.0153730772949634
2021-05-28,HSI,0.02340149354637866
2021-06-04,HSI,-0.007083748649328925
2021-06-11,HSI,-0.0026270398124357275
2021-06-18,HSI,-0.0014167122394667109
2021-06-25,HSI,0.016907275269458566
2021-07-02,HSI,-0.03338546919596119
2021-07-09,HSI,-0.03411750867701702
2021-07-16,HSI,0.024141602826070585
2021-07-23,HSI,-0.024378032528848737
2021-07-30,HSI,-0.04981161505089993
2021-08-06,HSI,0.008411492472043536
2021-08-13,HSI,0.008106335515710716
2021-08-20,HSI,-0.05842377460814352
2021-08-27,HSI,0.02246182160355037
2021-09-03,HSI,0.01944667505067632
2021-09-10,HSI,0.011733461405861068
2021-09-17,HSI,-0.049040464536434736
2021-09-24,HSI,-0.029236668544618927
2021-10-01,HSI,0.015851457662316992
2021-10-08,HSI,0.010669467380321818
2021-10-15,HSI,0.019853207906481485
2021-10-22,HSI,0.03142277152453876
2021-10-29,HSI,-0.02869414814522786
2021-11-05,HSI,-0.019967892489490713
2021-11-12,HSI,0.018393712071043344
2021-11-19,HSI,-0.010976007513590402
2021-11-26,HSI,-0.03870068352574141
2021-12-03,HSI,-0.013032525875687151
2021-12-10,HSI,0.009636638505404083
2021-12-17,HSI,-0.03346805040782064
2021-12-24,HSI,0.0013421935613944225
2021-12-31,HSI,0.007488451482447367
2022-01-07,HSI,0.004090620989184002
2022-01-14,HSI,0.037880414062156476
2022-01-21,HSI,0.0238782495574843
2022-01-28,HSI,-0.05669696615147801
2022-02-04,HSI,0.043448217585672744
2022-02-11,HSI,0.013566397237260386
2022-02-18,HSI,-0.02324474658585296
2022-02-25,HSI,-0.06414623225341665
2022-03-04,HSI,-0.03785673060958794
2022-03-11,HSI,-0.061697428415575795
2022-03-18,HSI,0.04177385493253816
2022-03-25,HSI,-0.0003511516691263594
2022-04-01,HSI,0.02965071377878714
2022-04-08,HSI,-0.007601833630821342
2022-04-15,HSI,-0.016181868973176083
2022-04-22,HSI,-0.040875394087204864
2022-04-29,HSI,0.021846091677116375
2022-05-06,HSI,-0.051562892451470055
2022-05-13,HSI,-0.005159044155720438
2022-05-20,HSI,0.04113168803900957
2022-05-27,HSI,-0.000959635549909188
2022-06-03,HSI,0.01859039117019723
2022-06-10,HSI,0.034344203629130154
2022-06-17,HSI,-0.03353086143469419
2022-06-24,HSI,0.030560427046263383
2022-07-01,HSI,0.006479469807649574
2022-07-08,HSI,-0.0061304342873576
2022-07-15,HSI,-0.06573103776854206
2022-07-22,HSI,0.01534260915301755
2022-07-29,HSI,-0.021962632988924757
2022-08-05,HSI,0.0022538623997905294
2022-08-12,HSI,-0.0013028946724918944
2022-08-19,HSI,-0.01995428244357711
2022-08-26,HSI,0.02007836027550458
2022-09-02,HSI,-0.03559482458115226
2022-09-09,HSI,-0.004618526852384508
2022-09-16,HSI,-0.03101705638549246
2022-09-23,HSI,-0.044154870909816624
2022-09-30,HSI,-0.03961575328983491
2022-10-07,HSI,0.030031127288604686
2022-10-14,HSI,-0.06495815598275345
2022-10-21,HSI,-0.022701774629258042
2022-10-28,HSI,-0.083156499982728
2022-11-04,HSI,0.08733598599480863
2022-11-11,HSI,0.07205679797341036
2022-11-18,HSI,0.03849082805503512
2022-11-25,HSI,-0.023285151695377704
2022-12-02,HSI,0.0626946814479461
2022-12-09,HSI,0.06562227749412997
2022-12-16,HSI,-0.02262207745802458
2022-12-23,HSI,0.007320621860326781
2022-12-30,HSI,0.009613046169763884
2023-01-06,HSI,0.06118021920580996
2023-01-13,HSI,0.035586498454313276
2023-01-20,HSI,0.014075844601277199
2023-01-27,HSI,0.029224777893956055
2023-02-03,HSI,-0.04532740679363034
2023-02-10,HSI,-0.02170086698484086
2023-02-17,HSI,-0.022208573496891315
2023-02-24,HSI,-0.03425571787310222
2023-03-03,HSI,0.02786101516343864
2023-03-10,HSI,-0.06065961513431439
2023-03-17,HSI,0.01028316887440539
2023-03-24,HSI,0.02034419494440942
2023-03-31,HSI,0.0243239999839322
2023-04-07,HSI,-0.003377923127763638
2023-04-14,HSI,0.005292949028731675
2023-04-21,HSI,-0.01776424274386612
2023-04-28,HSI,-0.009023880624820069
2023-05-05,HSI,0.007778052001123914
2023-05-12,HSI,-0.02105164611392385
2023-05-19,HSI,-0.009001265588029828
2023-05-26,HSI,-0.03617631771202601
2023-06-02,HSI,0.010829512261214091
2023-06-09,HSI,0.02321954581386554
2023-06-16,HSI,0.03354418312291574
2023-06-23,HSI,-0.05740403282993434
2023-06-30,HSI,0.0014006903451571073
2023-07-07,HSI,-0.029113897284001267
2023-07-14,HSI,0.05706725347072261
2023-07-21,HSI,-0.017437048191390248
2023-07-28,HSI,0.044104300544265396
2023-08-04,HSI,-0.018933991666533312
2023-08-11,HSI,-0.023760686131516162
2023-08-18,HSI,-0.05894253215826428
2023-08-25,HSI,0.0003081191141367512
2023-09-01,HSI,0.023706335925930855
2023-09-08,HSI,-0.00979166590732139
2023-09-15,HSI,-0.0010536713681466026
2023-09-22,HSI,-0.006898902930232542
2023-09-29,HSI,-0.013722259439857831
2023-10-06,HSI,-0.018174350324486777
2023-10-13,HSI,0.018727459443081962
2023-10-20,HSI,-0.036001899463714127
2023-10-27,HSI,0.013195799636049665
2023-11-03,HSI,0.015253296346727785
2023-11-10,HSI,-0.026090120882903967
2023-11-17,HSI,0.014586188896755559
2023-11-24,HSI,0.006028924859875939
2023-12-01,HSI,-0.041522954630619835
2023-12-08,HSI,-0.029466555589231502
2023-12-15,HSI,0.028028016997288407
2023-12-22,HSI,-0.026904173904654383
2023-12-29,HSI,0.04326580544796621
2024-01-05,HSI,-0.030037499579847582
2024-01-12,HSI,-0.017583561985155538
2024-01-19,HSI,-0.05761244673608057
2024-01-26,HSI,0.042037626994863686
2024-02-02,HSI,-0.026245294466962
2024-02-09,HSI,0.01371353379392759
2024-02-16,HSI,0.037683103251626715
2024-02-23,HSI,0.02361688767903969
2024-03-01,HSI,-0.008156173025253954
2024-03-08,HSI,-0.01422893117549473
2024-03-15,HSI,0.022472465953542464
2024-03-22,HSI,-0.01324211730104563
2024-03-29,HSI,0.0025424451486957267
2024-04-05,HSI,0.011032910112916516
2024-04-12,HSI,-0.00013334194375480557
2024-04-19,HSI,-0.029754767610211563
2024-04-26,HSI,0.08795597178032244
2024-05-03,HSI,0.04672613399126946
2024-05-10,HSI,0.026399767914128347
2024-05-17,HSI,0.031108360824481318
2024-05-24,HSI,-0.04831174644026082
2024-05-31,HSI,-0.028444983970070226
2024-06-07,HSI,0.015893042819675962
2024-06-14,HSI,-0.023148645972719928
2024-06-21,HSI,0.004834581899598733
2024-06-28,HSI,-0.01719004111263711
2024-07-05,HSI,0.004571464949647108
2024-07-12,HSI,0.027740609358329227
2024-07-19,HSI,-0.047869827890207994
2024-07-26,HSI,-0.022756704681679674
2024-08-02,HSI,-0.004453299748768069
2024-08-09,HSI,0.008540374411864837
2024-08-16,HSI,0.01989025192228233
2024-08-23,HSI,0.010438228908971503
2024-08-30,HSI,0.021404034726125953
2024-09-06,HSI,-0.030283333157300585
2024-09-13,HSI,-0.004311494051839615
2024-09-20,HSI,0.05121051246783792
2024-09-27,HSI,0.13000640247292083
2024-10-04,HSI,0.10200355258485216
2024-10-11,HSI,-0.06530749682377113
2024-10-18,HSI,-0.021074364785099275
2024-10-25,HSI,-0.010284458709575062
2024-11-01,HSI,-0.004066021859967073
2024-11-08,HSI,0.010814169019180753
2024-11-15,HSI,-0.06280577320065084
2024-11-22,HSI,-0.010108388919374378
2024-11-29,HSI,0.010069593968706325
2024-12-06,HSI,0.022768219850389126
2024-12-13,HSI,0.005305083849923564
2024-12-20,HSI,-0.012545089839188783
2024-12-27,HSI,0.018749943904118105
2025-01-03,HSI,-0.016435212711146785
2025-01-10,HSI,-0.03522122926457982
2025-01-17,HSI,0.027264169148925488
2025-01-24,HSI,0.024618438433172685
2025-01-31,HSI,0.0079197396217221
2025-02-07,HSI,0.04491595076199584
2025-02-14,HSI,0.07035220177746848
2025-02-21,HSI,0.037912355832120825
2025-02-28,HSI,-0.022855517013432136
2025-03-07,HSI,0.05622958923026222
2025-03-14,HSI,-0.011197087601693356
2025-03-21,HSI,-0.011279641665825957
2025-03-28,HSI,-0.011106969136529865
2025-04-04,HSI,-0.02462111445963122
2025-04-11,HSI,-0.0846887092414026
2025-04-18,HSI,0.02297193981837653
2025-04-25,HSI,0.02737065392558069
2025-05-02,HSI,0.023836322162038126
2025-05-09,HSI,0.01613264440996276
2025-05-16,HSI,0.02087267915412716
2025-05-23,HSI,0.01097487428920152
2025-05-30,HSI,-0.013198024173285527
2025-06-06,HSI,0.021587546807031677
2025-06-13,HSI,0.0042039229188612914
2025-06-20,HSI,-0.015154507714765342
2025-06-27,HSI,0.03202947700049141
2025-07-04,HSI,-0.015157582208971676
2025-07-11,HSI,0.00934556070918191
2025-07-18,HSI,0.02842179873129469
2025-07-25,HSI,0.022665661255330205
2025-08-01,HSI,-0.03468279742480296
2025-08-08,HSI,0.014322331765982632
2025-08-15,HSI,0.0165434240241491
2025-08-22,HSI,0.002733312570958546
2025-08-29,HSI,-0.010320870782478453
2025-09-05,HSI,0.013572341138128108
2025-09-12,HSI,0.03816900327370609
2025-09-19,HSI,0.005947364272461453
2025-09-26,HSI,-0.015705384421230262
2025-10-03,HSI,0.038759694076120565
2025-10-10,HSI,-0.031340131432538
2025-10-17,HSI,-0.039680764631240706
2025-10-24,HSI,0.03616454959183435
2025-10-31,HSI,-0.009690311408764862
2025-11-07,HSI,0.012937990824749557
2025-11-14,HSI,0.012599388076212525
2025-11-21,HSI,-0.050896339635233545
2025-11-28,HSI,0.025331899023077753
2025-12-05,HSI,0.008747049515773986
2025-12-12,HSI,-0.0041514536278977054
2025-12-19,HSI,-0.0110198377482299
2025-12-26,HSI,0.004997989726097218
2026-01-02,HSI,0.020122483774501987
2026-01-09,HSI,-0.0040504249468391595
2026-01-16,HSI,0.02337514989923095
2026-01-23,HSI,-0.0035556393618899618
2026-01-30,HSI,0.02383591325598111
2026-02-06,HSI,-0.030202530686973983
2026-02-13,HSI,0.000269955337640182
2026-02-20,HSI,-0.005787944112419563
2026-02-27,HSI,0.00822269799173525
2026-03-06,HSI,-0.032791300243678934
2026-03-13,HSI,-0.011324522545831717
2026-03-20,HSI,0.0013736177431515895
